model,domain,task_type,trial_number,delta_rci,source_folder
deepseek_v3_1,medical,Type2_Closed,1,0.29843585093816116,open_medical_rerun
deepseek_v3_1,medical,Type2_Closed,2,0.32903914277752244,open_medical_rerun
deepseek_v3_1,medical,Type2_Closed,3,0.3252441893021266,open_medical_rerun
deepseek_v3_1,medical,Type2_Closed,4,0.33065843433141706,open_medical_rerun
deepseek_v3_1,medical,Type2_Closed,5,0.33817905535300574,open_medical_rerun
deepseek_v3_1,medical,Type2_Closed,6,0.3092836146553357,open_medical_rerun
deepseek_v3_1,medical,Type2_Closed,7,0.33138994897405305,open_medical_rerun
deepseek_v3_1,medical,Type2_Closed,8,0.3270077675580978,open_medical_rerun
deepseek_v3_1,medical,Type2_Closed,9,0.32581365903218584,open_medical_rerun
deepseek_v3_1,medical,Type2_Closed,10,0.33648292124271395,open_medical_rerun
deepseek_v3_1,medical,Type2_Closed,11,0.31007804373900094,open_medical_rerun
deepseek_v3_1,medical,Type2_Closed,12,0.3217480768760045,open_medical_rerun
deepseek_v3_1,medical,Type2_Closed,13,0.32059726268053057,open_medical_rerun
deepseek_v3_1,medical,Type2_Closed,14,0.321108341217041,open_medical_rerun
deepseek_v3_1,medical,Type2_Closed,15,0.31914407362540564,open_medical_rerun
deepseek_v3_1,medical,Type2_Closed,16,0.3216211587190628,open_medical_rerun
deepseek_v3_1,medical,Type2_Closed,17,0.3256584693988164,open_medical_rerun
deepseek_v3_1,medical,Type2_Closed,18,0.3185779069860776,open_medical_rerun
deepseek_v3_1,medical,Type2_Closed,19,0.3153308252493541,open_medical_rerun
deepseek_v3_1,medical,Type2_Closed,20,0.2979811514417331,open_medical_rerun
deepseek_v3_1,medical,Type2_Closed,21,0.32170143624146774,open_medical_rerun
deepseek_v3_1,medical,Type2_Closed,22,0.3145977174242337,open_medical_rerun
deepseek_v3_1,medical,Type2_Closed,23,0.3117313002546628,open_medical_rerun
deepseek_v3_1,medical,Type2_Closed,24,0.3259106737251083,open_medical_rerun
deepseek_v3_1,medical,Type2_Closed,25,0.31467377245426176,open_medical_rerun
deepseek_v3_1,medical,Type2_Closed,26,0.3321142862240474,open_medical_rerun
deepseek_v3_1,medical,Type2_Closed,27,0.29834240227937703,open_medical_rerun
deepseek_v3_1,medical,Type2_Closed,28,0.3188998649517695,open_medical_rerun
deepseek_v3_1,medical,Type2_Closed,29,0.31590245266755423,open_medical_rerun
deepseek_v3_1,medical,Type2_Closed,30,0.3034436856706937,open_medical_rerun
deepseek_v3_1,medical,Type2_Closed,31,0.31773855984210964,open_medical_rerun
deepseek_v3_1,medical,Type2_Closed,32,0.33703142205874126,open_medical_rerun
deepseek_v3_1,medical,Type2_Closed,33,0.32756481170654295,open_medical_rerun
deepseek_v3_1,medical,Type2_Closed,34,0.3188633958498637,open_medical_rerun
deepseek_v3_1,medical,Type2_Closed,35,0.32852552831172943,open_medical_rerun
deepseek_v3_1,medical,Type2_Closed,36,0.3101353526115418,open_medical_rerun
deepseek_v3_1,medical,Type2_Closed,37,0.3114666605989138,open_medical_rerun
deepseek_v3_1,medical,Type2_Closed,38,0.31891057689984637,open_medical_rerun
deepseek_v3_1,medical,Type2_Closed,39,0.33844119807084405,open_medical_rerun
deepseek_v3_1,medical,Type2_Closed,40,0.3230996340513229,open_medical_rerun
deepseek_v3_1,medical,Type2_Closed,41,0.3064376999934514,open_medical_rerun
deepseek_v3_1,medical,Type2_Closed,42,0.32661508917808535,open_medical_rerun
deepseek_v3_1,medical,Type2_Closed,43,0.33491449008385343,open_medical_rerun
deepseek_v3_1,medical,Type2_Closed,44,0.31679547081391013,open_medical_rerun
deepseek_v3_1,medical,Type2_Closed,45,0.3190452133615812,open_medical_rerun
deepseek_v3_1,medical,Type2_Closed,46,0.31842055718104045,open_medical_rerun
deepseek_v3_1,medical,Type2_Closed,47,0.3323948428034782,open_medical_rerun
deepseek_v3_1,medical,Type2_Closed,48,0.314687184492747,open_medical_rerun
deepseek_v3_1,medical,Type2_Closed,49,0.3184757729371389,open_medical_rerun
deepseek_v3_1,medical,Type2_Closed,50,0.2999376729130745,open_medical_rerun
llama_4_maverick,medical,Type2_Closed,1,0.33651079932848615,open_medical_rerun
llama_4_maverick,medical,Type2_Closed,2,0.30844887892405193,open_medical_rerun
llama_4_maverick,medical,Type2_Closed,3,0.3154881084958713,open_medical_rerun
llama_4_maverick,medical,Type2_Closed,4,0.3338287070393562,open_medical_rerun
llama_4_maverick,medical,Type2_Closed,5,0.3170462017258008,open_medical_rerun
llama_4_maverick,medical,Type2_Closed,6,0.31615948875745137,open_medical_rerun
llama_4_maverick,medical,Type2_Closed,7,0.3012155349055926,open_medical_rerun
llama_4_maverick,medical,Type2_Closed,8,0.3217902685205142,open_medical_rerun
llama_4_maverick,medical,Type2_Closed,9,0.31491302847862246,open_medical_rerun
llama_4_maverick,medical,Type2_Closed,10,0.3229418970644474,open_medical_rerun
llama_4_maverick,medical,Type2_Closed,11,0.31275040457646053,open_medical_rerun
llama_4_maverick,medical,Type2_Closed,12,0.2943889111280441,open_medical_rerun
llama_4_maverick,medical,Type2_Closed,13,0.3227359150846799,open_medical_rerun
llama_4_maverick,medical,Type2_Closed,14,0.33415438830852506,open_medical_rerun
llama_4_maverick,medical,Type2_Closed,15,0.32550486127535505,open_medical_rerun
llama_4_maverick,medical,Type2_Closed,16,0.32744808346033094,open_medical_rerun
llama_4_maverick,medical,Type2_Closed,17,0.3301306404173374,open_medical_rerun
llama_4_maverick,medical,Type2_Closed,18,0.3263534985482692,open_medical_rerun
llama_4_maverick,medical,Type2_Closed,19,0.33128062312801676,open_medical_rerun
llama_4_maverick,medical,Type2_Closed,20,0.3005773567284147,open_medical_rerun
llama_4_maverick,medical,Type2_Closed,21,0.3106611502667268,open_medical_rerun
llama_4_maverick,medical,Type2_Closed,22,0.3067752202351888,open_medical_rerun
llama_4_maverick,medical,Type2_Closed,23,0.3260164712866147,open_medical_rerun
llama_4_maverick,medical,Type2_Closed,24,0.33853040710091586,open_medical_rerun
llama_4_maverick,medical,Type2_Closed,25,0.3252389262119929,open_medical_rerun
llama_4_maverick,medical,Type2_Closed,26,0.31116532733043034,open_medical_rerun
llama_4_maverick,medical,Type2_Closed,27,0.32401205847660697,open_medical_rerun
llama_4_maverick,medical,Type2_Closed,28,0.33070465531200166,open_medical_rerun
llama_4_maverick,medical,Type2_Closed,29,0.31158371965090437,open_medical_rerun
llama_4_maverick,medical,Type2_Closed,30,0.3192376494407654,open_medical_rerun
llama_4_maverick,medical,Type2_Closed,31,0.32080519894758863,open_medical_rerun
llama_4_maverick,medical,Type2_Closed,32,0.3226533720890681,open_medical_rerun
llama_4_maverick,medical,Type2_Closed,33,0.30390486593047783,open_medical_rerun
llama_4_maverick,medical,Type2_Closed,34,0.29774396972109873,open_medical_rerun
llama_4_maverick,medical,Type2_Closed,35,0.30009985963503516,open_medical_rerun
llama_4_maverick,medical,Type2_Closed,36,0.30876921961704895,open_medical_rerun
llama_4_maverick,medical,Type2_Closed,37,0.3212925457706054,open_medical_rerun
llama_4_maverick,medical,Type2_Closed,38,0.3164556781450908,open_medical_rerun
llama_4_maverick,medical,Type2_Closed,39,0.3095507018268109,open_medical_rerun
llama_4_maverick,medical,Type2_Closed,40,0.32157863304018974,open_medical_rerun
llama_4_maverick,medical,Type2_Closed,41,0.2931422277043263,open_medical_rerun
llama_4_maverick,medical,Type2_Closed,42,0.3090004553397496,open_medical_rerun
llama_4_maverick,medical,Type2_Closed,43,0.3233706081906954,open_medical_rerun
llama_4_maverick,medical,Type2_Closed,44,0.3393643446266651,open_medical_rerun
llama_4_maverick,medical,Type2_Closed,45,0.30418674349784847,open_medical_rerun
llama_4_maverick,medical,Type2_Closed,46,0.3189299024641514,open_medical_rerun
llama_4_maverick,medical,Type2_Closed,47,0.2949551055828731,open_medical_rerun
llama_4_maverick,medical,Type2_Closed,48,0.31886745492617286,open_medical_rerun
llama_4_maverick,medical,Type2_Closed,49,0.30080065180857973,open_medical_rerun
llama_4_maverick,medical,Type2_Closed,50,0.3015692676107089,open_medical_rerun
llama_4_scout,medical,Type2_Closed,1,0.3275647375111779,open_medical_rerun
llama_4_scout,medical,Type2_Closed,2,0.33698948236803217,open_medical_rerun
llama_4_scout,medical,Type2_Closed,3,0.3162827024236321,open_medical_rerun
llama_4_scout,medical,Type2_Closed,4,0.3367754634159307,open_medical_rerun
llama_4_scout,medical,Type2_Closed,5,0.311801390737916,open_medical_rerun
llama_4_scout,medical,Type2_Closed,6,0.3160996769710134,open_medical_rerun
llama_4_scout,medical,Type2_Closed,7,0.3454219611361623,open_medical_rerun
llama_4_scout,medical,Type2_Closed,8,0.3244602049390475,open_medical_rerun
llama_4_scout,medical,Type2_Closed,9,0.3341778159141541,open_medical_rerun
llama_4_scout,medical,Type2_Closed,10,0.31892456418524184,open_medical_rerun
llama_4_scout,medical,Type2_Closed,11,0.33790289623041947,open_medical_rerun
llama_4_scout,medical,Type2_Closed,12,0.32830871505041914,open_medical_rerun
llama_4_scout,medical,Type2_Closed,13,0.3176296549538772,open_medical_rerun
llama_4_scout,medical,Type2_Closed,14,0.33163566725949445,open_medical_rerun
llama_4_scout,medical,Type2_Closed,15,0.321151768664519,open_medical_rerun
llama_4_scout,medical,Type2_Closed,16,0.32474255934357643,open_medical_rerun
llama_4_scout,medical,Type2_Closed,17,0.3248811575506504,open_medical_rerun
llama_4_scout,medical,Type2_Closed,18,0.30101085950930917,open_medical_rerun
llama_4_scout,medical,Type2_Closed,19,0.32383442558348174,open_medical_rerun
llama_4_scout,medical,Type2_Closed,20,0.3171238941761355,open_medical_rerun
llama_4_scout,medical,Type2_Closed,21,0.330792272153,open_medical_rerun
llama_4_scout,medical,Type2_Closed,22,0.3148866729189952,open_medical_rerun
llama_4_scout,medical,Type2_Closed,23,0.3124016399029642,open_medical_rerun
llama_4_scout,medical,Type2_Closed,24,0.30345274023711677,open_medical_rerun
llama_4_scout,medical,Type2_Closed,25,0.3107490633924802,open_medical_rerun
llama_4_scout,medical,Type2_Closed,26,0.30153320158521335,open_medical_rerun
llama_4_scout,medical,Type2_Closed,27,0.32611081053813296,open_medical_rerun
llama_4_scout,medical,Type2_Closed,28,0.31052560247480865,open_medical_rerun
llama_4_scout,medical,Type2_Closed,29,0.32406646683812146,open_medical_rerun
llama_4_scout,medical,Type2_Closed,30,0.324399340156621,open_medical_rerun
llama_4_scout,medical,Type2_Closed,31,0.31462455218036967,open_medical_rerun
llama_4_scout,medical,Type2_Closed,32,0.31722918028632796,open_medical_rerun
llama_4_scout,medical,Type2_Closed,33,0.33684372881737845,open_medical_rerun
llama_4_scout,medical,Type2_Closed,34,0.3151157480974992,open_medical_rerun
llama_4_scout,medical,Type2_Closed,35,0.3177556226650874,open_medical_rerun
llama_4_scout,medical,Type2_Closed,36,0.32412996372828884,open_medical_rerun
llama_4_scout,medical,Type2_Closed,37,0.3140766995027662,open_medical_rerun
llama_4_scout,medical,Type2_Closed,38,0.30386890632410846,open_medical_rerun
llama_4_scout,medical,Type2_Closed,39,0.3499232432494561,open_medical_rerun
llama_4_scout,medical,Type2_Closed,40,0.3376312812169393,open_medical_rerun
llama_4_scout,medical,Type2_Closed,41,0.3292001033977916,open_medical_rerun
llama_4_scout,medical,Type2_Closed,42,0.3323041717211406,open_medical_rerun
llama_4_scout,medical,Type2_Closed,43,0.32620436387757457,open_medical_rerun
llama_4_scout,medical,Type2_Closed,44,0.33798458985984325,open_medical_rerun
llama_4_scout,medical,Type2_Closed,45,0.33816814025243125,open_medical_rerun
llama_4_scout,medical,Type2_Closed,46,0.3171768699462215,open_medical_rerun
llama_4_scout,medical,Type2_Closed,47,0.328774805724,open_medical_rerun
llama_4_scout,medical,Type2_Closed,48,0.32473068820933504,open_medical_rerun
llama_4_scout,medical,Type2_Closed,49,0.3254505856583516,open_medical_rerun
llama_4_scout,medical,Type2_Closed,50,0.32018466889858244,open_medical_rerun
mistral_small_24b,medical,Type2_Closed,1,0.3473056284710765,open_medical_rerun
mistral_small_24b,medical,Type2_Closed,2,0.3923917406704277,open_medical_rerun
mistral_small_24b,medical,Type2_Closed,3,0.3483306502302488,open_medical_rerun
mistral_small_24b,medical,Type2_Closed,4,0.3906618167335788,open_medical_rerun
mistral_small_24b,medical,Type2_Closed,5,0.36357952098672586,open_medical_rerun
mistral_small_24b,medical,Type2_Closed,6,0.3777945923308531,open_medical_rerun
mistral_small_24b,medical,Type2_Closed,7,0.35799214865158624,open_medical_rerun
mistral_small_24b,medical,Type2_Closed,8,0.37587000826994577,open_medical_rerun
mistral_small_24b,medical,Type2_Closed,9,0.36146496012806895,open_medical_rerun
mistral_small_24b,medical,Type2_Closed,10,0.34946200077732403,open_medical_rerun
mistral_small_24b,medical,Type2_Closed,11,0.36724907206371427,open_medical_rerun
mistral_small_24b,medical,Type2_Closed,12,0.36960138132174813,open_medical_rerun
mistral_small_24b,medical,Type2_Closed,13,0.36289756596088407,open_medical_rerun
mistral_small_24b,medical,Type2_Closed,14,0.3656795140355825,open_medical_rerun
mistral_small_24b,medical,Type2_Closed,15,0.37548527022202804,open_medical_rerun
mistral_small_24b,medical,Type2_Closed,16,0.3418150364110867,open_medical_rerun
mistral_small_24b,medical,Type2_Closed,17,0.3714224743346374,open_medical_rerun
mistral_small_24b,medical,Type2_Closed,18,0.384596875247856,open_medical_rerun
mistral_small_24b,medical,Type2_Closed,19,0.38574714114268616,open_medical_rerun
mistral_small_24b,medical,Type2_Closed,20,0.3361039065135022,open_medical_rerun
mistral_small_24b,medical,Type2_Closed,21,0.35672773569822314,open_medical_rerun
mistral_small_24b,medical,Type2_Closed,22,0.3808090008795262,open_medical_rerun
mistral_small_24b,medical,Type2_Closed,23,0.37694627741196507,open_medical_rerun
mistral_small_24b,medical,Type2_Closed,24,0.3446847547466556,open_medical_rerun
mistral_small_24b,medical,Type2_Closed,25,0.3494625485502183,open_medical_rerun
mistral_small_24b,medical,Type2_Closed,26,0.36348811077574894,open_medical_rerun
mistral_small_24b,medical,Type2_Closed,27,0.3705006122589112,open_medical_rerun
mistral_small_24b,medical,Type2_Closed,28,0.38388550132513044,open_medical_rerun
mistral_small_24b,medical,Type2_Closed,29,0.36335952269534266,open_medical_rerun
mistral_small_24b,medical,Type2_Closed,30,0.3755615599453449,open_medical_rerun
mistral_small_24b,medical,Type2_Closed,31,0.36527353326479595,open_medical_rerun
mistral_small_24b,medical,Type2_Closed,32,0.336889490361015,open_medical_rerun
mistral_small_24b,medical,Type2_Closed,33,0.3615380515034,open_medical_rerun
mistral_small_24b,medical,Type2_Closed,34,0.3361725006097307,open_medical_rerun
mistral_small_24b,medical,Type2_Closed,35,0.3918203871697188,open_medical_rerun
mistral_small_24b,medical,Type2_Closed,36,0.3732407100498676,open_medical_rerun
mistral_small_24b,medical,Type2_Closed,37,0.3756365244587262,open_medical_rerun
mistral_small_24b,medical,Type2_Closed,38,0.3563356650993228,open_medical_rerun
mistral_small_24b,medical,Type2_Closed,39,0.3712537365655104,open_medical_rerun
mistral_small_24b,medical,Type2_Closed,40,0.3522791267993549,open_medical_rerun
mistral_small_24b,medical,Type2_Closed,41,0.3741305761970579,open_medical_rerun
mistral_small_24b,medical,Type2_Closed,42,0.363700018900757,open_medical_rerun
mistral_small_24b,medical,Type2_Closed,43,0.3538656787325939,open_medical_rerun
mistral_small_24b,medical,Type2_Closed,44,0.3690788538505634,open_medical_rerun
mistral_small_24b,medical,Type2_Closed,45,0.37283922980229056,open_medical_rerun
mistral_small_24b,medical,Type2_Closed,46,0.34352727904915814,open_medical_rerun
mistral_small_24b,medical,Type2_Closed,47,0.3730537432556351,open_medical_rerun
mistral_small_24b,medical,Type2_Closed,48,0.3680821378404896,open_medical_rerun
mistral_small_24b,medical,Type2_Closed,49,0.32927220314741135,open_medical_rerun
mistral_small_24b,medical,Type2_Closed,50,0.3701640162616968,open_medical_rerun
qwen3_235b,medical,Type2_Closed,1,0.32917403628428776,open_medical_rerun
qwen3_235b,medical,Type2_Closed,2,0.31968181530634565,open_medical_rerun
qwen3_235b,medical,Type2_Closed,3,0.32055164054036145,open_medical_rerun
qwen3_235b,medical,Type2_Closed,4,0.3207301661372185,open_medical_rerun
qwen3_235b,medical,Type2_Closed,5,0.33922997030119106,open_medical_rerun
qwen3_235b,medical,Type2_Closed,6,0.3352039843797684,open_medical_rerun
qwen3_235b,medical,Type2_Closed,7,0.3196027080217997,open_medical_rerun
qwen3_235b,medical,Type2_Closed,8,0.3232506554573774,open_medical_rerun
qwen3_235b,medical,Type2_Closed,9,0.33933253064751623,open_medical_rerun
qwen3_235b,medical,Type2_Closed,10,0.32182980800668404,open_medical_rerun
qwen3_235b,medical,Type2_Closed,11,0.33303496564428015,open_medical_rerun
qwen3_235b,medical,Type2_Closed,12,0.3216205050547918,open_medical_rerun
qwen3_235b,medical,Type2_Closed,13,0.3175639325442413,open_medical_rerun
qwen3_235b,medical,Type2_Closed,14,0.34472490871946015,open_medical_rerun
qwen3_235b,medical,Type2_Closed,15,0.3258122103909652,open_medical_rerun
qwen3_235b,medical,Type2_Closed,16,0.3457420623550812,open_medical_rerun
qwen3_235b,medical,Type2_Closed,17,0.3373706849912802,open_medical_rerun
qwen3_235b,medical,Type2_Closed,18,0.3169627917309602,open_medical_rerun
qwen3_235b,medical,Type2_Closed,19,0.3182535557697217,open_medical_rerun
qwen3_235b,medical,Type2_Closed,20,0.3345000733931859,open_medical_rerun
qwen3_235b,medical,Type2_Closed,21,0.3361676295598348,open_medical_rerun
qwen3_235b,medical,Type2_Closed,22,0.3290814355015754,open_medical_rerun
qwen3_235b,medical,Type2_Closed,23,0.33780382648110385,open_medical_rerun
qwen3_235b,medical,Type2_Closed,24,0.30677730341752374,open_medical_rerun
qwen3_235b,medical,Type2_Closed,25,0.32919017716000476,open_medical_rerun
qwen3_235b,medical,Type2_Closed,26,0.33795728857318563,open_medical_rerun
qwen3_235b,medical,Type2_Closed,27,0.31135894432663913,open_medical_rerun
qwen3_235b,medical,Type2_Closed,28,0.3251327186822891,open_medical_rerun
qwen3_235b,medical,Type2_Closed,29,0.31625006546576817,open_medical_rerun
qwen3_235b,medical,Type2_Closed,30,0.313745737572511,open_medical_rerun
qwen3_235b,medical,Type2_Closed,31,0.31675311674674356,open_medical_rerun
qwen3_235b,medical,Type2_Closed,32,0.332672726114591,open_medical_rerun
qwen3_235b,medical,Type2_Closed,33,0.3277479539935787,open_medical_rerun
qwen3_235b,medical,Type2_Closed,34,0.326099922011296,open_medical_rerun
qwen3_235b,medical,Type2_Closed,35,0.3213622003793717,open_medical_rerun
qwen3_235b,medical,Type2_Closed,36,0.3169626011668394,open_medical_rerun
qwen3_235b,medical,Type2_Closed,37,0.33659401535987854,open_medical_rerun
qwen3_235b,medical,Type2_Closed,38,0.31629418954253197,open_medical_rerun
qwen3_235b,medical,Type2_Closed,39,0.3157179700831573,open_medical_rerun
qwen3_235b,medical,Type2_Closed,40,0.34906032097836337,open_medical_rerun
qwen3_235b,medical,Type2_Closed,41,0.33128381570180254,open_medical_rerun
qwen3_235b,medical,Type2_Closed,42,0.3349204696714878,open_medical_rerun
qwen3_235b,medical,Type2_Closed,43,0.35728372223675253,open_medical_rerun
qwen3_235b,medical,Type2_Closed,44,0.3233916557083527,open_medical_rerun
qwen3_235b,medical,Type2_Closed,45,0.3257643324633439,open_medical_rerun
qwen3_235b,medical,Type2_Closed,46,0.32553000350793204,open_medical_rerun
qwen3_235b,medical,Type2_Closed,47,0.31876664335529015,open_medical_rerun
qwen3_235b,medical,Type2_Closed,48,0.3315853689486782,open_medical_rerun
qwen3_235b,medical,Type2_Closed,49,0.32954643196426336,open_medical_rerun
qwen3_235b,medical,Type2_Closed,50,0.3305937311301629,open_medical_rerun
claude_haiku,medical,Type2_Closed,1,0.32609069347381603,medical_results
claude_haiku,medical,Type2_Closed,2,0.34737790375947963,medical_results
claude_haiku,medical,Type2_Closed,3,0.3367785692214966,medical_results
claude_haiku,medical,Type2_Closed,4,0.3474771978954473,medical_results
claude_haiku,medical,Type2_Closed,5,0.3387441356976827,medical_results
claude_haiku,medical,Type2_Closed,6,0.34311574051777527,medical_results
claude_haiku,medical,Type2_Closed,7,0.33663848837216703,medical_results
claude_haiku,medical,Type2_Closed,8,0.36796949257453293,medical_results
claude_haiku,medical,Type2_Closed,9,0.3431071584423384,medical_results
claude_haiku,medical,Type2_Closed,10,0.3452753027280172,medical_results
claude_haiku,medical,Type2_Closed,11,0.3314062063892681,medical_results
claude_haiku,medical,Type2_Closed,12,0.3465598250428834,medical_results
claude_haiku,medical,Type2_Closed,13,0.3554827916125456,medical_results
claude_haiku,medical,Type2_Closed,14,0.3516214440266292,medical_results
claude_haiku,medical,Type2_Closed,15,0.3228990191593767,medical_results
claude_haiku,medical,Type2_Closed,16,0.32790040026108436,medical_results
claude_haiku,medical,Type2_Closed,17,0.34233826870719597,medical_results
claude_haiku,medical,Type2_Closed,18,0.35938390145699184,medical_results
claude_haiku,medical,Type2_Closed,19,0.3332698223491509,medical_results
claude_haiku,medical,Type2_Closed,20,0.3506855035821598,medical_results
claude_haiku,medical,Type2_Closed,21,0.33612746124466253,medical_results
claude_haiku,medical,Type2_Closed,22,0.3423960266013941,medical_results
claude_haiku,medical,Type2_Closed,23,0.33560673967003807,medical_results
claude_haiku,medical,Type2_Closed,24,0.3554382118086019,medical_results
claude_haiku,medical,Type2_Closed,25,0.34154085765282327,medical_results
claude_haiku,medical,Type2_Closed,26,0.3381081129113832,medical_results
claude_haiku,medical,Type2_Closed,27,0.33115137591958055,medical_results
claude_haiku,medical,Type2_Closed,28,0.33559114535649626,medical_results
claude_haiku,medical,Type2_Closed,29,0.34299295147260034,medical_results
claude_haiku,medical,Type2_Closed,30,0.33435923953851077,medical_results
claude_haiku,medical,Type2_Closed,31,0.3556686192750932,medical_results
claude_haiku,medical,Type2_Closed,32,0.33480146800478294,medical_results
claude_haiku,medical,Type2_Closed,33,0.33952670767903337,medical_results
claude_haiku,medical,Type2_Closed,34,0.34109908590714144,medical_results
claude_haiku,medical,Type2_Closed,35,0.3247855956355731,medical_results
claude_haiku,medical,Type2_Closed,36,0.35418486235042423,medical_results
claude_haiku,medical,Type2_Closed,37,0.33931968038280813,medical_results
claude_haiku,medical,Type2_Closed,38,0.3290014932552975,medical_results
claude_haiku,medical,Type2_Closed,39,0.333580979704857,medical_results
claude_haiku,medical,Type2_Closed,40,0.34507437547047937,medical_results
claude_haiku,medical,Type2_Closed,41,0.34658724715312317,medical_results
claude_haiku,medical,Type2_Closed,42,0.333933812379837,medical_results
claude_haiku,medical,Type2_Closed,43,0.3272012675801913,medical_results
claude_haiku,medical,Type2_Closed,44,0.3229716521998246,medical_results
claude_haiku,medical,Type2_Closed,45,0.3481563532724976,medical_results
claude_haiku,medical,Type2_Closed,46,0.3398344760139783,medical_results
claude_haiku,medical,Type2_Closed,47,0.34018863538901023,medical_results
claude_haiku,medical,Type2_Closed,48,0.32642811040083564,medical_results
claude_haiku,medical,Type2_Closed,49,0.34015172521273307,medical_results
claude_haiku,medical,Type2_Closed,50,0.3324883292118709,medical_results
claude_opus,medical,Type2_Closed,1,0.3561,medical_results
claude_opus,medical,Type2_Closed,2,0.3303,medical_results
claude_opus,medical,Type2_Closed,3,0.344,medical_results
claude_opus,medical,Type2_Closed,4,0.3551,medical_results
claude_opus,medical,Type2_Closed,5,0.3565,medical_results
claude_opus,medical,Type2_Closed,6,0.3379,medical_results
claude_opus,medical,Type2_Closed,7,0.3625,medical_results
claude_opus,medical,Type2_Closed,8,0.3489,medical_results
claude_opus,medical,Type2_Closed,9,0.3455,medical_results
claude_opus,medical,Type2_Closed,10,0.3346,medical_results
claude_opus,medical,Type2_Closed,11,0.3424,medical_results
claude_opus,medical,Type2_Closed,12,0.3356,medical_results
claude_opus,medical,Type2_Closed,13,0.3601,medical_results
claude_opus,medical,Type2_Closed,14,0.3521,medical_results
claude_opus,medical,Type2_Closed,15,0.3558,medical_results
claude_opus,medical,Type2_Closed,16,0.3385,medical_results
claude_opus,medical,Type2_Closed,17,0.3668,medical_results
claude_opus,medical,Type2_Closed,18,0.3395,medical_results
claude_opus,medical,Type2_Closed,19,0.3333,medical_results
claude_opus,medical,Type2_Closed,20,0.3507,medical_results
claude_opus,medical,Type2_Closed,21,0.3551,medical_results
claude_opus,medical,Type2_Closed,22,0.3424,medical_results
claude_opus,medical,Type2_Closed,23,0.3591,medical_results
claude_opus,medical,Type2_Closed,24,0.3554,medical_results
claude_opus,medical,Type2_Closed,25,0.3415,medical_results
claude_opus,medical,Type2_Closed,26,0.3381,medical_results
claude_opus,medical,Type2_Closed,27,0.3312,medical_results
claude_opus,medical,Type2_Closed,28,0.354,medical_results
claude_opus,medical,Type2_Closed,29,0.34038396179676056,medical_results
claude_opus,medical,Type2_Closed,30,0.3547442714373271,medical_results
claude_opus,medical,Type2_Closed,31,0.3625,medical_results
claude_opus,medical,Type2_Closed,32,0.359,medical_results
claude_opus,medical,Type2_Closed,33,0.3269,medical_results
claude_opus,medical,Type2_Closed,34,0.3297902017831801,medical_results
claude_opus,medical,Type2_Closed,35,0.35710993011792513,medical_results
claude_opus,medical,Type2_Closed,36,0.3119,medical_results
claude_opus,medical,Type2_Closed,37,0.3118,medical_results
claude_opus,medical,Type2_Closed,38,0.3334,medical_results
claude_opus,medical,Type2_Closed,39,0.2942,medical_results
claude_opus,medical,Type2_Closed,40,0.3143,medical_results
claude_opus,medical,Type2_Closed,41,0.3125,medical_results
claude_opus,medical,Type2_Closed,42,0.3135,medical_results
claude_opus,medical,Type2_Closed,43,0.3237,medical_results
claude_opus,medical,Type2_Closed,44,0.3044,medical_results
claude_opus,medical,Type2_Closed,45,0.3351,medical_results
claude_opus,medical,Type2_Closed,46,0.3061,medical_results
claude_opus,medical,Type2_Closed,47,0.3203,medical_results
claude_opus,medical,Type2_Closed,48,0.33424964845180505,medical_results
claude_opus,medical,Type2_Closed,49,0.3345601260662078,medical_results
claude_opus,medical,Type2_Closed,50,0.3394994288682939,medical_results
gemini_flash,medical,Type2_Closed,1,-0.12199757337951711,medical_results
gemini_flash,medical,Type2_Closed,2,-0.10200599634447427,medical_results
gemini_flash,medical,Type2_Closed,3,-0.1488571954546033,medical_results
gemini_flash,medical,Type2_Closed,4,-0.14585255699522592,medical_results
gemini_flash,medical,Type2_Closed,5,-0.10793411267702713,medical_results
gemini_flash,medical,Type2_Closed,6,-0.11063579842116655,medical_results
gemini_flash,medical,Type2_Closed,7,-0.12052360569019382,medical_results
gemini_flash,medical,Type2_Closed,8,-0.10855997392225847,medical_results
gemini_flash,medical,Type2_Closed,9,-0.12686309574858412,medical_results
gemini_flash,medical,Type2_Closed,10,-0.16887884339766568,medical_results
gemini_flash,medical,Type2_Closed,11,-0.17524961428747676,medical_results
gemini_flash,medical,Type2_Closed,12,-0.11459176183855657,medical_results
gemini_flash,medical,Type2_Closed,13,-0.11969749719562373,medical_results
gemini_flash,medical,Type2_Closed,14,-0.1264019068600194,medical_results
gemini_flash,medical,Type2_Closed,15,-0.14595504053489106,medical_results
gemini_flash,medical,Type2_Closed,16,-0.15786998974381639,medical_results
gemini_flash,medical,Type2_Closed,17,-0.14102854497689998,medical_results
gemini_flash,medical,Type2_Closed,18,-0.13528381108750476,medical_results
gemini_flash,medical,Type2_Closed,19,-0.0829902503302411,medical_results
gemini_flash,medical,Type2_Closed,20,-0.11048485157514154,medical_results
gemini_flash,medical,Type2_Closed,21,-0.11497762139750867,medical_results
gemini_flash,medical,Type2_Closed,22,-0.15264176296781973,medical_results
gemini_flash,medical,Type2_Closed,23,-0.13891755223053182,medical_results
gemini_flash,medical,Type2_Closed,24,-0.12748797346009522,medical_results
gemini_flash,medical,Type2_Closed,25,-0.14457079884145563,medical_results
gemini_flash,medical,Type2_Closed,26,-0.12165632403781967,medical_results
gemini_flash,medical,Type2_Closed,27,-0.13060637448411494,medical_results
gemini_flash,medical,Type2_Closed,28,-0.16092225716486985,medical_results
gemini_flash,medical,Type2_Closed,29,-0.12954633945095317,medical_results
gemini_flash,medical,Type2_Closed,30,-0.1346290415417839,medical_results
gemini_flash,medical,Type2_Closed,31,-0.162686995885019,medical_results
gemini_flash,medical,Type2_Closed,32,-0.14936267302149686,medical_results
gemini_flash,medical,Type2_Closed,33,-0.08885625498461824,medical_results
gemini_flash,medical,Type2_Closed,34,-0.14393613760013058,medical_results
gemini_flash,medical,Type2_Closed,35,-0.17629064713889497,medical_results
gemini_flash,medical,Type2_Closed,36,-0.07714239946337209,medical_results
gemini_flash,medical,Type2_Closed,37,-0.12812117618828966,medical_results
gemini_flash,medical,Type2_Closed,38,-0.08976393338581767,medical_results
gemini_flash,medical,Type2_Closed,39,-0.13317326859794032,medical_results
gemini_flash,medical,Type2_Closed,40,-0.11199172704338167,medical_results
gemini_flash,medical,Type2_Closed,41,-0.14770414555367883,medical_results
gemini_flash,medical,Type2_Closed,42,-0.12388247699832045,medical_results
gemini_flash,medical,Type2_Closed,43,-0.1378537966514618,medical_results
gemini_flash,medical,Type2_Closed,44,-0.187494408712653,medical_results
gemini_flash,medical,Type2_Closed,45,-0.1676130596620603,medical_results
gemini_flash,medical,Type2_Closed,46,-0.15300700892811359,medical_results
gemini_flash,medical,Type2_Closed,47,-0.12809358217701883,medical_results
gemini_flash,medical,Type2_Closed,48,-0.09367370168653277,medical_results
gemini_flash,medical,Type2_Closed,49,-0.1555382556706344,medical_results
gemini_flash,medical,Type2_Closed,50,-0.17322791773846635,medical_results
gpt4o,medical,Type2_Closed,1,0.3193259780605635,medical_results
gpt4o,medical,Type2_Closed,2,0.2988750768204531,medical_results
gpt4o,medical,Type2_Closed,3,0.30375825713078186,medical_results
gpt4o,medical,Type2_Closed,4,0.29004315746327247,medical_results
gpt4o,medical,Type2_Closed,5,0.29612392435471224,medical_results
gpt4o,medical,Type2_Closed,6,0.31119176000356663,medical_results
gpt4o,medical,Type2_Closed,7,0.3186029943327108,medical_results
gpt4o,medical,Type2_Closed,8,0.29343945284684503,medical_results
gpt4o,medical,Type2_Closed,9,0.3061737811813753,medical_results
gpt4o,medical,Type2_Closed,10,0.30132340937852864,medical_results
gpt4o,medical,Type2_Closed,11,0.2963236888249715,medical_results
gpt4o,medical,Type2_Closed,12,0.29057309180498125,medical_results
gpt4o,medical,Type2_Closed,13,0.29387707461913415,medical_results
gpt4o,medical,Type2_Closed,14,0.2871371628095707,medical_results
gpt4o,medical,Type2_Closed,15,0.3020360425114631,medical_results
gpt4o,medical,Type2_Closed,16,0.31013075684507696,medical_results
gpt4o,medical,Type2_Closed,17,0.30331381435195615,medical_results
gpt4o,medical,Type2_Closed,18,0.29763056238492336,medical_results
gpt4o,medical,Type2_Closed,19,0.30348119772970683,medical_results
gpt4o,medical,Type2_Closed,20,0.2910205495854219,medical_results
gpt4o,medical,Type2_Closed,21,0.310697806129853,medical_results
gpt4o,medical,Type2_Closed,22,0.2957225248217583,medical_results
gpt4o,medical,Type2_Closed,23,0.2930725062886873,medical_results
gpt4o,medical,Type2_Closed,24,0.2954020857810975,medical_results
gpt4o,medical,Type2_Closed,25,0.30814056955277924,medical_results
gpt4o,medical,Type2_Closed,26,0.3041103025277456,medical_results
gpt4o,medical,Type2_Closed,27,0.27603006238738703,medical_results
gpt4o,medical,Type2_Closed,28,0.2903638519346714,medical_results
gpt4o,medical,Type2_Closed,29,0.2932400638858478,medical_results
gpt4o,medical,Type2_Closed,30,0.2793366290628909,medical_results
gpt4o,medical,Type2_Closed,31,0.303322271257639,medical_results
gpt4o,medical,Type2_Closed,32,0.30379394305249063,medical_results
gpt4o,medical,Type2_Closed,33,0.30195711777002243,medical_results
gpt4o,medical,Type2_Closed,34,0.2899532943964005,medical_results
gpt4o,medical,Type2_Closed,35,0.29178261384367954,medical_results
gpt4o,medical,Type2_Closed,36,0.30051043632750696,medical_results
gpt4o,medical,Type2_Closed,37,0.29741741108397657,medical_results
gpt4o,medical,Type2_Closed,38,0.30871353608866525,medical_results
gpt4o,medical,Type2_Closed,39,0.31647645086050036,medical_results
gpt4o,medical,Type2_Closed,40,0.30674497311313953,medical_results
gpt4o,medical,Type2_Closed,41,0.28814675882458696,medical_results
gpt4o,medical,Type2_Closed,42,0.31329818175484725,medical_results
gpt4o,medical,Type2_Closed,43,0.3027385694285235,medical_results
gpt4o,medical,Type2_Closed,44,0.2895710840821266,medical_results
gpt4o,medical,Type2_Closed,45,0.2935167506337166,medical_results
gpt4o,medical,Type2_Closed,46,0.3090589706785978,medical_results
gpt4o,medical,Type2_Closed,47,0.2951147831976414,medical_results
gpt4o,medical,Type2_Closed,48,0.30301804058253756,medical_results
gpt4o,medical,Type2_Closed,49,0.2789005741477012,medical_results
gpt4o,medical,Type2_Closed,50,0.3092781770974399,medical_results
gpt4o_mini,medical,Type2_Closed,1,-0.09486488784406033,medical_results
gpt4o_mini,medical,Type2_Closed,2,-0.10740219607921453,medical_results
gpt4o_mini,medical,Type2_Closed,3,-0.09305747457205438,medical_results
gpt4o_mini,medical,Type2_Closed,4,-0.09966819532730276,medical_results
gpt4o_mini,medical,Type2_Closed,5,-0.09807500176080997,medical_results
gpt4o_mini,medical,Type2_Closed,6,-0.08554952380706093,medical_results
gpt4o_mini,medical,Type2_Closed,7,-0.1073309249000235,medical_results
gpt4o_mini,medical,Type2_Closed,8,-0.10506072974633884,medical_results
gpt4o_mini,medical,Type2_Closed,9,-0.08046218410916872,medical_results
gpt4o_mini,medical,Type2_Closed,10,-0.06645303007679482,medical_results
gpt4o_mini,medical,Type2_Closed,11,-0.10366922465758843,medical_results
gpt4o_mini,medical,Type2_Closed,12,-0.08722252377734419,medical_results
gpt4o_mini,medical,Type2_Closed,13,-0.08970610995821038,medical_results
gpt4o_mini,medical,Type2_Closed,14,-0.10280505196105905,medical_results
gpt4o_mini,medical,Type2_Closed,15,-0.10666834907893452,medical_results
gpt4o_mini,medical,Type2_Closed,16,-0.10547490006753202,medical_results
gpt4o_mini,medical,Type2_Closed,17,-0.10650126869287913,medical_results
gpt4o_mini,medical,Type2_Closed,18,-0.10185542666360325,medical_results
gpt4o_mini,medical,Type2_Closed,19,-0.09504137100748766,medical_results
gpt4o_mini,medical,Type2_Closed,20,-0.0931976495225505,medical_results
gpt4o_mini,medical,Type2_Closed,21,-0.10268660982566846,medical_results
gpt4o_mini,medical,Type2_Closed,22,-0.08894577652613256,medical_results
gpt4o_mini,medical,Type2_Closed,23,-0.11044286598635122,medical_results
gpt4o_mini,medical,Type2_Closed,24,-0.10707162554134753,medical_results
gpt4o_mini,medical,Type2_Closed,25,-0.09917645077125437,medical_results
gpt4o_mini,medical,Type2_Closed,26,-0.09147975329427993,medical_results
gpt4o_mini,medical,Type2_Closed,27,-0.11919197689601979,medical_results
gpt4o_mini,medical,Type2_Closed,28,-0.10800184450497952,medical_results
gpt4o_mini,medical,Type2_Closed,29,-0.10517867194686681,medical_results
gpt4o_mini,medical,Type2_Closed,30,-0.08866834440266558,medical_results
gpt4o_mini,medical,Type2_Closed,31,-0.10776963197924028,medical_results
gpt4o_mini,medical,Type2_Closed,32,-0.10457312530296958,medical_results
gpt4o_mini,medical,Type2_Closed,33,-0.08801289927836042,medical_results
gpt4o_mini,medical,Type2_Closed,34,-0.11569603963270603,medical_results
gpt4o_mini,medical,Type2_Closed,35,-0.0757232355771792,medical_results
gpt4o_mini,medical,Type2_Closed,36,0.32211041574676835,medical_results
gpt4o_mini,medical,Type2_Closed,37,0.32739593933026,medical_results
gpt4o_mini,medical,Type2_Closed,38,0.3333851084734003,medical_results
gpt4o_mini,medical,Type2_Closed,39,0.2941615403940281,medical_results
gpt4o_mini,medical,Type2_Closed,40,0.3143339522182941,medical_results
gpt4o_mini,medical,Type2_Closed,41,0.3125281099540491,medical_results
gpt4o_mini,medical,Type2_Closed,42,0.31348147988319386,medical_results
gpt4o_mini,medical,Type2_Closed,43,0.32366266461710147,medical_results
gpt4o_mini,medical,Type2_Closed,44,0.30436398039261514,medical_results
gpt4o_mini,medical,Type2_Closed,45,0.33509901467089853,medical_results
gpt4o_mini,medical,Type2_Closed,46,0.30610510408878333,medical_results
gpt4o_mini,medical,Type2_Closed,47,0.3203111546734968,medical_results
gpt4o_mini,medical,Type2_Closed,48,0.3296556884422899,medical_results
gpt4o_mini,medical,Type2_Closed,49,0.30493169700105993,medical_results
gpt4o_mini,medical,Type2_Closed,50,0.28550211389859514,medical_results
gpt4o_mini_rerun,medical,Type2_Closed,1,0.327185698846976,medical_results
gpt4o_mini_rerun,medical,Type2_Closed,2,0.3096961554760733,medical_results
gpt4o_mini_rerun,medical,Type2_Closed,3,0.3215518573919931,medical_results
gpt4o_mini_rerun,medical,Type2_Closed,4,0.3250920049846171,medical_results
gpt4o_mini_rerun,medical,Type2_Closed,5,0.3153985371192297,medical_results
gpt4o_mini_rerun,medical,Type2_Closed,6,0.3309617951512337,medical_results
gpt4o_mini_rerun,medical,Type2_Closed,7,0.32826288267970094,medical_results
gpt4o_mini_rerun,medical,Type2_Closed,8,0.3235921377937,medical_results
gpt4o_mini_rerun,medical,Type2_Closed,9,0.3178102515637875,medical_results
gpt4o_mini_rerun,medical,Type2_Closed,10,0.3498145833611489,medical_results
gpt4o_mini_rerun,medical,Type2_Closed,11,0.32158362070719415,medical_results
gpt4o_mini_rerun,medical,Type2_Closed,12,0.3149777094523113,medical_results
gpt4o_mini_rerun,medical,Type2_Closed,13,0.31208053926626833,medical_results
gpt4o_mini_rerun,medical,Type2_Closed,14,0.3238463420420886,medical_results
gpt4o_mini_rerun,medical,Type2_Closed,15,0.31055620821813756,medical_results
gpt4o_mini_rerun,medical,Type2_Closed,16,0.3201482417682806,medical_results
gpt4o_mini_rerun,medical,Type2_Closed,17,0.30641644001007085,medical_results
gpt4o_mini_rerun,medical,Type2_Closed,18,0.32556231915950784,medical_results
gpt4o_mini_rerun,medical,Type2_Closed,19,0.3163069222122431,medical_results
gpt4o_mini_rerun,medical,Type2_Closed,20,0.3064039453864099,medical_results
gpt4o_mini_rerun,medical,Type2_Closed,21,0.30220090498526897,medical_results
gpt4o_mini_rerun,medical,Type2_Closed,22,0.31647052243351925,medical_results
gpt4o_mini_rerun,medical,Type2_Closed,23,0.33346676329771685,medical_results
gpt4o_mini_rerun,medical,Type2_Closed,24,0.3232270327707132,medical_results
gpt4o_mini_rerun,medical,Type2_Closed,25,0.31757388412952436,medical_results
gpt4o_mini_rerun,medical,Type2_Closed,26,0.32944221024711917,medical_results
gpt4o_mini_rerun,medical,Type2_Closed,27,0.2931838927169642,medical_results
gpt4o_mini_rerun,medical,Type2_Closed,28,0.3075358810524147,medical_results
gpt4o_mini_rerun,medical,Type2_Closed,29,0.2987375882764658,medical_results
gpt4o_mini_rerun,medical,Type2_Closed,30,0.31579329768816644,medical_results
gpt4o_mini_rerun,medical,Type2_Closed,31,0.3361477961142858,medical_results
gpt4o_mini_rerun,medical,Type2_Closed,32,0.31063815553983043,medical_results
gpt4o_mini_rerun,medical,Type2_Closed,33,0.33639603704214105,medical_results
gpt4o_mini_rerun,medical,Type2_Closed,34,0.32311739921569826,medical_results
gpt4o_mini_rerun,medical,Type2_Closed,35,0.3128824433932702,medical_results
gpt4o_mini_rerun,medical,Type2_Closed,36,0.3315518684685229,medical_results
gpt4o_mini_rerun,medical,Type2_Closed,37,0.32203130324681595,medical_results
gpt4o_mini_rerun,medical,Type2_Closed,38,0.3081013678262632,medical_results
gpt4o_mini_rerun,medical,Type2_Closed,39,0.32769329547882087,medical_results
gpt4o_mini_rerun,medical,Type2_Closed,40,0.3120949527869623,medical_results
gpt4o_mini_rerun,medical,Type2_Closed,41,0.3269497195879618,medical_results
gpt4o_mini_rerun,medical,Type2_Closed,42,0.3196220696593325,medical_results
gpt4o_mini_rerun,medical,Type2_Closed,43,0.3146528200556834,medical_results
gpt4o_mini_rerun,medical,Type2_Closed,44,0.3195469708492359,medical_results
gpt4o_mini_rerun,medical,Type2_Closed,45,0.32083145802219704,medical_results
gpt4o_mini_rerun,medical,Type2_Closed,46,0.3145878208180267,medical_results
gpt4o_mini_rerun,medical,Type2_Closed,47,0.32405554056167607,medical_results
gpt4o_mini_rerun,medical,Type2_Closed,48,0.3109443778793016,medical_results
gpt4o_mini_rerun,medical,Type2_Closed,49,0.3202861938625573,medical_results
gpt4o_mini_rerun,medical,Type2_Closed,50,0.3080103665590287,medical_results
gpt_5_2,medical,Type2_Closed,1,0.3574229480077824,medical_results
gpt_5_2,medical,Type2_Closed,2,0.3862357263298085,medical_results
gpt_5_2,medical,Type2_Closed,3,0.41097053494304403,medical_results
gpt_5_2,medical,Type2_Closed,4,0.35468601826578383,medical_results
gpt_5_2,medical,Type2_Closed,5,0.36166300897796944,medical_results
gpt_5_2,medical,Type2_Closed,6,0.3952726908028127,medical_results
gpt_5_2,medical,Type2_Closed,7,0.3562861100460091,medical_results
gpt_5_2,medical,Type2_Closed,8,0.40806919727474467,medical_results
gpt_5_2,medical,Type2_Closed,9,0.3231846711443117,medical_results
gpt_5_2,medical,Type2_Closed,10,0.3659410698960226,medical_results
gpt_5_2,medical,Type2_Closed,11,0.34560958036066347,medical_results
gpt_5_2,medical,Type2_Closed,12,0.3858058508485557,medical_results
gpt_5_2,medical,Type2_Closed,13,0.4083546586645146,medical_results
gpt_5_2,medical,Type2_Closed,14,0.37134437710046775,medical_results
gpt_5_2,medical,Type2_Closed,15,0.3718833794817329,medical_results
gpt_5_2,medical,Type2_Closed,16,0.40049237093577783,medical_results
gpt_5_2,medical,Type2_Closed,17,0.3503139242529868,medical_results
gpt_5_2,medical,Type2_Closed,18,0.38657326915611834,medical_results
gpt_5_2,medical,Type2_Closed,19,0.37792362390706946,medical_results
gpt_5_2,medical,Type2_Closed,20,0.37790783066302547,medical_results
gpt_5_2,medical,Type2_Closed,21,0.3556760956222813,medical_results
gpt_5_2,medical,Type2_Closed,22,0.3812059358072779,medical_results
gpt_5_2,medical,Type2_Closed,23,0.3798201194964348,medical_results
gpt_5_2,medical,Type2_Closed,24,0.39141045895715554,medical_results
gpt_5_2,medical,Type2_Closed,25,0.37530645324538137,medical_results
gpt_5_2,medical,Type2_Closed,26,0.39455579997350765,medical_results
gpt_5_2,medical,Type2_Closed,27,0.3792123761028052,medical_results
gpt_5_2,medical,Type2_Closed,28,0.3544119936414064,medical_results
gpt_5_2,medical,Type2_Closed,29,0.3987382117037973,medical_results
gpt_5_2,medical,Type2_Closed,30,0.3738637229427696,medical_results
gpt_5_2,medical,Type2_Closed,31,0.37776166709760817,medical_results
gpt_5_2,medical,Type2_Closed,32,0.40391756258904943,medical_results
gpt_5_2,medical,Type2_Closed,33,0.3378182003274559,medical_results
gpt_5_2,medical,Type2_Closed,34,0.3823507579043508,medical_results
gpt_5_2,medical,Type2_Closed,35,0.383833704609424,medical_results
gpt_5_2,medical,Type2_Closed,36,0.37508267673353346,medical_results
gpt_5_2,medical,Type2_Closed,37,0.40582173299044355,medical_results
gpt_5_2,medical,Type2_Closed,38,0.4107504208882651,medical_results
gpt_5_2,medical,Type2_Closed,39,0.3728590659797193,medical_results
gpt_5_2,medical,Type2_Closed,40,0.3613191639383635,medical_results
gpt_5_2,medical,Type2_Closed,41,0.3470880538225174,medical_results
gpt_5_2,medical,Type2_Closed,42,0.38240465043733507,medical_results
gpt_5_2,medical,Type2_Closed,43,0.35224268746872756,medical_results
gpt_5_2,medical,Type2_Closed,44,0.3913851907476783,medical_results
gpt_5_2,medical,Type2_Closed,45,0.3909436764816444,medical_results
gpt_5_2,medical,Type2_Closed,46,0.42147172700303304,medical_results
gpt_5_2,medical,Type2_Closed,47,0.37832428403198726,medical_results
gpt_5_2,medical,Type2_Closed,48,0.3914995354910692,medical_results
gpt_5_2,medical,Type2_Closed,49,0.4062923138340314,medical_results
gpt_5_2,medical,Type2_Closed,50,0.3787084746523761,medical_results
deepseek_v3_1,philosophy,Type1_Open,1,0.3029054254293442,open_model_results
deepseek_v3_1,philosophy,Type1_Open,2,0.31350668271382653,open_model_results
deepseek_v3_1,philosophy,Type1_Open,3,0.2897870024045308,open_model_results
deepseek_v3_1,philosophy,Type1_Open,4,0.3168721934159596,open_model_results
deepseek_v3_1,philosophy,Type1_Open,5,0.29698142707347874,open_model_results
deepseek_v3_1,philosophy,Type1_Open,6,0.3229240814844767,open_model_results
deepseek_v3_1,philosophy,Type1_Open,7,0.29264211853345234,open_model_results
deepseek_v3_1,philosophy,Type1_Open,8,0.28846668601036074,open_model_results
deepseek_v3_1,philosophy,Type1_Open,9,0.31600969930489853,open_model_results
deepseek_v3_1,philosophy,Type1_Open,10,0.3017624159653981,open_model_results
deepseek_v3_1,philosophy,Type1_Open,11,0.28553876678148904,open_model_results
deepseek_v3_1,philosophy,Type1_Open,12,0.30624744296073914,open_model_results
deepseek_v3_1,philosophy,Type1_Open,13,0.29579998751481373,open_model_results
deepseek_v3_1,philosophy,Type1_Open,14,0.31107869148254397,open_model_results
deepseek_v3_1,philosophy,Type1_Open,15,0.317292579015096,open_model_results
deepseek_v3_1,philosophy,Type1_Open,16,0.30137518246968586,open_model_results
deepseek_v3_1,philosophy,Type1_Open,17,0.303262343009313,open_model_results
deepseek_v3_1,philosophy,Type1_Open,18,0.2798884014288584,open_model_results
deepseek_v3_1,philosophy,Type1_Open,19,0.2949554413557053,open_model_results
deepseek_v3_1,philosophy,Type1_Open,20,0.2876088301340739,open_model_results
deepseek_v3_1,philosophy,Type1_Open,21,0.3215098838011424,open_model_results
deepseek_v3_1,philosophy,Type1_Open,22,0.3059937477111816,open_model_results
deepseek_v3_1,philosophy,Type1_Open,23,0.28279296755790706,open_model_results
deepseek_v3_1,philosophy,Type1_Open,24,0.3203716407219569,open_model_results
deepseek_v3_1,philosophy,Type1_Open,25,0.30463482340176895,open_model_results
deepseek_v3_1,philosophy,Type1_Open,26,0.2892226974169413,open_model_results
deepseek_v3_1,philosophy,Type1_Open,27,0.28432714740435283,open_model_results
deepseek_v3_1,philosophy,Type1_Open,28,0.29575593272844947,open_model_results
deepseek_v3_1,philosophy,Type1_Open,29,0.28926870624224343,open_model_results
deepseek_v3_1,philosophy,Type1_Open,30,0.2757588744163513,open_model_results
deepseek_v3_1,philosophy,Type1_Open,31,0.3046451201041539,open_model_results
deepseek_v3_1,philosophy,Type1_Open,32,0.3176117539405823,open_model_results
deepseek_v3_1,philosophy,Type1_Open,33,0.29209353427092233,open_model_results
deepseek_v3_1,philosophy,Type1_Open,34,0.29814446469148004,open_model_results
deepseek_v3_1,philosophy,Type1_Open,35,0.3019321183363597,open_model_results
deepseek_v3_1,philosophy,Type1_Open,36,0.31568443775177,open_model_results
deepseek_v3_1,philosophy,Type1_Open,37,0.29029794732729597,open_model_results
deepseek_v3_1,philosophy,Type1_Open,38,0.29678727289040885,open_model_results
deepseek_v3_1,philosophy,Type1_Open,39,0.3188456465800603,open_model_results
deepseek_v3_1,philosophy,Type1_Open,40,0.30921302437782283,open_model_results
deepseek_v3_1,philosophy,Type1_Open,41,0.32878957390785213,open_model_results
deepseek_v3_1,philosophy,Type1_Open,42,0.3104326506455739,open_model_results
deepseek_v3_1,philosophy,Type1_Open,43,0.3208983262379964,open_model_results
deepseek_v3_1,philosophy,Type1_Open,44,0.33205492595831554,open_model_results
deepseek_v3_1,philosophy,Type1_Open,45,0.3223305463790893,open_model_results
deepseek_v3_1,philosophy,Type1_Open,46,0.29707295000553136,open_model_results
deepseek_v3_1,philosophy,Type1_Open,47,0.31274777154127753,open_model_results
deepseek_v3_1,philosophy,Type1_Open,48,0.2943183024724324,open_model_results
deepseek_v3_1,philosophy,Type1_Open,49,0.3104352096716563,open_model_results
deepseek_v3_1,philosophy,Type1_Open,50,0.31104722122351325,open_model_results
kimi_k2,philosophy,Type1_Open,1,0.42608355035384493,open_model_results
kimi_k2,philosophy,Type1_Open,2,0.4095907241106034,open_model_results
kimi_k2,philosophy,Type1_Open,3,0.42348077595233913,open_model_results
kimi_k2,philosophy,Type1_Open,4,0.4379471917947133,open_model_results
kimi_k2,philosophy,Type1_Open,5,0.4326546142498652,open_model_results
kimi_k2,philosophy,Type1_Open,6,0.42060180306434636,open_model_results
kimi_k2,philosophy,Type1_Open,7,0.40752055744330085,open_model_results
kimi_k2,philosophy,Type1_Open,8,0.45266936520735424,open_model_results
kimi_k2,philosophy,Type1_Open,9,0.45038822392622635,open_model_results
kimi_k2,philosophy,Type1_Open,10,0.414343711733818,open_model_results
kimi_k2,philosophy,Type1_Open,11,0.4053183555603027,open_model_results
kimi_k2,philosophy,Type1_Open,12,0.44368200401465097,open_model_results
kimi_k2,philosophy,Type1_Open,13,0.44262879987557724,open_model_results
kimi_k2,philosophy,Type1_Open,14,0.3773014654715856,open_model_results
kimi_k2,philosophy,Type1_Open,15,0.442627665400505,open_model_results
kimi_k2,philosophy,Type1_Open,16,0.4045829147100448,open_model_results
kimi_k2,philosophy,Type1_Open,17,0.41081276436646774,open_model_results
kimi_k2,philosophy,Type1_Open,18,0.4610078006982803,open_model_results
kimi_k2,philosophy,Type1_Open,19,0.40434216757615404,open_model_results
kimi_k2,philosophy,Type1_Open,20,0.4548470333218575,open_model_results
kimi_k2,philosophy,Type1_Open,21,0.3977605188886325,open_model_results
kimi_k2,philosophy,Type1_Open,22,0.40820450882116954,open_model_results
kimi_k2,philosophy,Type1_Open,23,0.4344065442681313,open_model_results
kimi_k2,philosophy,Type1_Open,24,0.43775538454453156,open_model_results
kimi_k2,philosophy,Type1_Open,25,0.43256312112013495,open_model_results
kimi_k2,philosophy,Type1_Open,26,0.40724129478136695,open_model_results
kimi_k2,philosophy,Type1_Open,27,0.4425704121589661,open_model_results
kimi_k2,philosophy,Type1_Open,28,0.46593463669220603,open_model_results
kimi_k2,philosophy,Type1_Open,29,0.39515271087487536,open_model_results
kimi_k2,philosophy,Type1_Open,30,0.42066868046919503,open_model_results
kimi_k2,philosophy,Type1_Open,31,0.4517994542916616,open_model_results
kimi_k2,philosophy,Type1_Open,32,0.40127874612808223,open_model_results
kimi_k2,philosophy,Type1_Open,33,0.4169664810101191,open_model_results
kimi_k2,philosophy,Type1_Open,34,0.43512990772724147,open_model_results
kimi_k2,philosophy,Type1_Open,35,0.43827021519343057,open_model_results
kimi_k2,philosophy,Type1_Open,36,0.4419314950704575,open_model_results
kimi_k2,philosophy,Type1_Open,37,0.416363920768102,open_model_results
kimi_k2,philosophy,Type1_Open,38,0.44478101631005607,open_model_results
kimi_k2,philosophy,Type1_Open,39,0.4299834261337916,open_model_results
kimi_k2,philosophy,Type1_Open,40,0.495643961429596,open_model_results
kimi_k2,philosophy,Type1_Open,41,0.4045967598756154,open_model_results
kimi_k2,philosophy,Type1_Open,42,0.4458754867315292,open_model_results
kimi_k2,philosophy,Type1_Open,43,0.430095836520195,open_model_results
kimi_k2,philosophy,Type1_Open,44,0.4223397672176361,open_model_results
kimi_k2,philosophy,Type1_Open,45,0.437924470504125,open_model_results
kimi_k2,philosophy,Type1_Open,46,0.411513998111089,open_model_results
kimi_k2,philosophy,Type1_Open,47,0.44015925029913583,open_model_results
kimi_k2,philosophy,Type1_Open,48,0.4054508457581202,open_model_results
kimi_k2,philosophy,Type1_Open,49,0.41967924137910206,open_model_results
kimi_k2,philosophy,Type1_Open,50,0.454757708311081,open_model_results
llama_4_maverick,philosophy,Type1_Open,1,0.26031444370746615,open_model_results
llama_4_maverick,philosophy,Type1_Open,2,0.2605655113855998,open_model_results
llama_4_maverick,philosophy,Type1_Open,3,0.26714605987071993,open_model_results
llama_4_maverick,philosophy,Type1_Open,4,0.2655004610617956,open_model_results
llama_4_maverick,philosophy,Type1_Open,5,0.2667518883943558,open_model_results
llama_4_maverick,philosophy,Type1_Open,6,0.2685994386672974,open_model_results
llama_4_maverick,philosophy,Type1_Open,7,0.2511936793724696,open_model_results
llama_4_maverick,philosophy,Type1_Open,8,0.2702304025491079,open_model_results
llama_4_maverick,philosophy,Type1_Open,9,0.2497468064228694,open_model_results
llama_4_maverick,philosophy,Type1_Open,10,0.2799947331349055,open_model_results
llama_4_maverick,philosophy,Type1_Open,11,0.26945987145106,open_model_results
llama_4_maverick,philosophy,Type1_Open,12,0.2738909969727198,open_model_results
llama_4_maverick,philosophy,Type1_Open,13,0.2781164884567261,open_model_results
llama_4_maverick,philosophy,Type1_Open,14,0.2751840899387995,open_model_results
llama_4_maverick,philosophy,Type1_Open,15,0.2735355486472447,open_model_results
llama_4_maverick,philosophy,Type1_Open,16,0.27036396265029905,open_model_results
llama_4_maverick,philosophy,Type1_Open,17,0.25876703262329104,open_model_results
llama_4_maverick,philosophy,Type1_Open,18,0.2508911569913228,open_model_results
llama_4_maverick,philosophy,Type1_Open,19,0.30408918758233383,open_model_results
llama_4_maverick,philosophy,Type1_Open,20,0.28762763788302737,open_model_results
llama_4_maverick,philosophy,Type1_Open,21,0.2856900170445442,open_model_results
llama_4_maverick,philosophy,Type1_Open,22,0.2726372371117274,open_model_results
llama_4_maverick,philosophy,Type1_Open,23,0.2618325352668762,open_model_results
llama_4_maverick,philosophy,Type1_Open,24,0.24955615401268005,open_model_results
llama_4_maverick,philosophy,Type1_Open,25,0.2687435934940974,open_model_results
llama_4_maverick,philosophy,Type1_Open,26,0.2622078319390615,open_model_results
llama_4_maverick,philosophy,Type1_Open,27,0.27791112760702774,open_model_results
llama_4_maverick,philosophy,Type1_Open,28,0.25238137344519296,open_model_results
llama_4_maverick,philosophy,Type1_Open,29,0.2739532679319382,open_model_results
llama_4_maverick,philosophy,Type1_Open,30,0.24618477423985796,open_model_results
llama_4_maverick,philosophy,Type1_Open,31,0.26508891582489014,open_model_results
llama_4_maverick,philosophy,Type1_Open,32,0.262914298971494,open_model_results
llama_4_maverick,philosophy,Type1_Open,33,0.26412151952584584,open_model_results
llama_4_maverick,philosophy,Type1_Open,34,0.25801475942134855,open_model_results
llama_4_maverick,philosophy,Type1_Open,35,0.2681361307700475,open_model_results
llama_4_maverick,philosophy,Type1_Open,36,0.2766496509313583,open_model_results
llama_4_maverick,philosophy,Type1_Open,37,0.25195974210898087,open_model_results
llama_4_maverick,philosophy,Type1_Open,38,0.28586856524149573,open_model_results
llama_4_maverick,philosophy,Type1_Open,39,0.2979487001895904,open_model_results
llama_4_maverick,philosophy,Type1_Open,40,0.2805125256379445,open_model_results
llama_4_maverick,philosophy,Type1_Open,41,0.2588026662667592,open_model_results
llama_4_maverick,philosophy,Type1_Open,42,0.2676665743192037,open_model_results
llama_4_maverick,philosophy,Type1_Open,43,0.2854857544104258,open_model_results
llama_4_maverick,philosophy,Type1_Open,44,0.2645966231822967,open_model_results
llama_4_maverick,philosophy,Type1_Open,45,0.27785165309906,open_model_results
llama_4_maverick,philosophy,Type1_Open,46,0.2638592620690664,open_model_results
llama_4_maverick,philosophy,Type1_Open,47,0.26857480903466546,open_model_results
llama_4_maverick,philosophy,Type1_Open,48,0.2655546754598618,open_model_results
llama_4_maverick,philosophy,Type1_Open,49,0.26147163013617203,open_model_results
llama_4_maverick,philosophy,Type1_Open,50,0.2702228089173635,open_model_results
llama_4_scout,philosophy,Type1_Open,1,0.3106283985078335,open_model_results
llama_4_scout,philosophy,Type1_Open,2,0.29956911802291875,open_model_results
llama_4_scout,philosophy,Type1_Open,3,0.28555701176325476,open_model_results
llama_4_scout,philosophy,Type1_Open,4,0.3048893973231316,open_model_results
llama_4_scout,philosophy,Type1_Open,5,0.27544745306173957,open_model_results
llama_4_scout,philosophy,Type1_Open,6,0.3172484633823236,open_model_results
llama_4_scout,philosophy,Type1_Open,7,0.3036577110489209,open_model_results
llama_4_scout,philosophy,Type1_Open,8,0.27927339673042295,open_model_results
llama_4_scout,philosophy,Type1_Open,9,0.28925667852163317,open_model_results
llama_4_scout,philosophy,Type1_Open,10,0.30177414218584697,open_model_results
llama_4_scout,philosophy,Type1_Open,11,0.301337710271279,open_model_results
llama_4_scout,philosophy,Type1_Open,12,0.28689726392428083,open_model_results
llama_4_scout,philosophy,Type1_Open,13,0.31548406382401784,open_model_results
llama_4_scout,philosophy,Type1_Open,14,0.29476549228032434,open_model_results
llama_4_scout,philosophy,Type1_Open,15,0.2819068272908528,open_model_results
llama_4_scout,philosophy,Type1_Open,16,0.29446761111418407,open_model_results
llama_4_scout,philosophy,Type1_Open,17,0.30297232071558633,open_model_results
llama_4_scout,philosophy,Type1_Open,18,0.28644391993681595,open_model_results
llama_4_scout,philosophy,Type1_Open,19,0.30462539270520206,open_model_results
llama_4_scout,philosophy,Type1_Open,20,0.2713400423526764,open_model_results
llama_4_scout,philosophy,Type1_Open,21,0.2832637518644333,open_model_results
llama_4_scout,philosophy,Type1_Open,22,0.3088758272429307,open_model_results
llama_4_scout,philosophy,Type1_Open,23,0.28894322440028186,open_model_results
llama_4_scout,philosophy,Type1_Open,24,0.317630764345328,open_model_results
llama_4_scout,philosophy,Type1_Open,25,0.29604923427104946,open_model_results
llama_4_scout,philosophy,Type1_Open,26,0.3081700245539347,open_model_results
llama_4_scout,philosophy,Type1_Open,27,0.28679287458459535,open_model_results
llama_4_scout,philosophy,Type1_Open,28,0.3052144010861715,open_model_results
llama_4_scout,philosophy,Type1_Open,29,0.29982898881038034,open_model_results
llama_4_scout,philosophy,Type1_Open,30,0.2978828047712644,open_model_results
llama_4_scout,philosophy,Type1_Open,31,0.30354176908731456,open_model_results
llama_4_scout,philosophy,Type1_Open,32,0.3073574374119441,open_model_results
llama_4_scout,philosophy,Type1_Open,33,0.28921947280565896,open_model_results
llama_4_scout,philosophy,Type1_Open,34,0.2873258431752522,open_model_results
llama_4_scout,philosophy,Type1_Open,35,0.3065382093191147,open_model_results
llama_4_scout,philosophy,Type1_Open,36,0.28180372665325804,open_model_results
llama_4_scout,philosophy,Type1_Open,37,0.30621620515982306,open_model_results
llama_4_scout,philosophy,Type1_Open,38,0.3097098951538404,open_model_results
llama_4_scout,philosophy,Type1_Open,39,0.28275658488273625,open_model_results
llama_4_scout,philosophy,Type1_Open,40,0.30090994040171304,open_model_results
llama_4_scout,philosophy,Type1_Open,41,0.29431900978088377,open_model_results
llama_4_scout,philosophy,Type1_Open,42,0.29557866950829825,open_model_results
llama_4_scout,philosophy,Type1_Open,43,0.30018518070379896,open_model_results
llama_4_scout,philosophy,Type1_Open,44,0.3001263335347175,open_model_results
llama_4_scout,philosophy,Type1_Open,45,0.31360180725653963,open_model_results
llama_4_scout,philosophy,Type1_Open,46,0.30202133730053904,open_model_results
llama_4_scout,philosophy,Type1_Open,47,0.28788887610038116,open_model_results
llama_4_scout,philosophy,Type1_Open,48,0.30520743876695633,open_model_results
llama_4_scout,philosophy,Type1_Open,49,0.2960826471447945,open_model_results
llama_4_scout,philosophy,Type1_Open,50,0.3097737257679304,open_model_results
ministral_14b,philosophy,Type1_Open,1,0.3739823053280512,open_model_results
ministral_14b,philosophy,Type1_Open,2,0.37743312368790305,open_model_results
ministral_14b,philosophy,Type1_Open,3,0.3839721153179805,open_model_results
ministral_14b,philosophy,Type1_Open,4,0.3872818678617478,open_model_results
ministral_14b,philosophy,Type1_Open,5,0.3612212141354879,open_model_results
ministral_14b,philosophy,Type1_Open,6,0.35839831829071045,open_model_results
ministral_14b,philosophy,Type1_Open,7,0.3627852469682693,open_model_results
ministral_14b,philosophy,Type1_Open,8,0.363609520594279,open_model_results
ministral_14b,philosophy,Type1_Open,9,0.35663926055034,open_model_results
ministral_14b,philosophy,Type1_Open,10,0.3638774449626605,open_model_results
ministral_14b,philosophy,Type1_Open,11,0.34607602655887604,open_model_results
ministral_14b,philosophy,Type1_Open,12,0.3794297933578491,open_model_results
ministral_14b,philosophy,Type1_Open,13,0.35052990913391113,open_model_results
ministral_14b,philosophy,Type1_Open,14,0.37102205157279966,open_model_results
ministral_14b,philosophy,Type1_Open,15,0.3689427077770233,open_model_results
ministral_14b,philosophy,Type1_Open,16,0.36026127835114796,open_model_results
ministral_14b,philosophy,Type1_Open,17,0.3994843085606893,open_model_results
ministral_14b,philosophy,Type1_Open,18,0.3700965523719788,open_model_results
ministral_14b,philosophy,Type1_Open,19,0.36236226707696917,open_model_results
ministral_14b,philosophy,Type1_Open,20,0.4163537472486496,open_model_results
ministral_14b,philosophy,Type1_Open,21,0.3707041492064794,open_model_results
ministral_14b,philosophy,Type1_Open,22,0.3744612395763397,open_model_results
ministral_14b,philosophy,Type1_Open,23,0.37434971084197366,open_model_results
ministral_14b,philosophy,Type1_Open,24,0.4013353645801544,open_model_results
ministral_14b,philosophy,Type1_Open,25,0.35499263505140943,open_model_results
ministral_14b,philosophy,Type1_Open,26,0.36292273700237276,open_model_results
ministral_14b,philosophy,Type1_Open,27,0.3929960191249847,open_model_results
ministral_14b,philosophy,Type1_Open,28,0.3721149479349454,open_model_results
ministral_14b,philosophy,Type1_Open,29,0.3950074409445127,open_model_results
ministral_14b,philosophy,Type1_Open,30,0.3814780642588933,open_model_results
ministral_14b,philosophy,Type1_Open,31,0.3841381296515465,open_model_results
ministral_14b,philosophy,Type1_Open,32,0.38269925018151596,open_model_results
ministral_14b,philosophy,Type1_Open,33,0.3619614024957021,open_model_results
ministral_14b,philosophy,Type1_Open,34,0.37144007484118147,open_model_results
ministral_14b,philosophy,Type1_Open,35,0.3721056878566742,open_model_results
ministral_14b,philosophy,Type1_Open,36,0.3763431787490845,open_model_results
ministral_14b,philosophy,Type1_Open,37,0.37090343733628595,open_model_results
ministral_14b,philosophy,Type1_Open,38,0.34741890281438825,open_model_results
ministral_14b,philosophy,Type1_Open,39,0.366834198931853,open_model_results
ministral_14b,philosophy,Type1_Open,40,0.39507037997245786,open_model_results
ministral_14b,philosophy,Type1_Open,41,0.375328196088473,open_model_results
ministral_14b,philosophy,Type1_Open,42,0.367103656133016,open_model_results
ministral_14b,philosophy,Type1_Open,43,0.3938587953646978,open_model_results
ministral_14b,philosophy,Type1_Open,44,0.35692130724589033,open_model_results
ministral_14b,philosophy,Type1_Open,45,0.3641555681824684,open_model_results
ministral_14b,philosophy,Type1_Open,46,0.37983428935209906,open_model_results
ministral_14b,philosophy,Type1_Open,47,0.3589155837893486,open_model_results
ministral_14b,philosophy,Type1_Open,48,0.38195433268944423,open_model_results
ministral_14b,philosophy,Type1_Open,49,0.3660135726133983,open_model_results
ministral_14b,philosophy,Type1_Open,50,0.3699510191877683,open_model_results
mistral_small_24b,philosophy,Type1_Open,1,0.2801507929960887,open_model_results
mistral_small_24b,philosophy,Type1_Open,2,0.26953859825929005,open_model_results
mistral_small_24b,philosophy,Type1_Open,3,0.2718071391185125,open_model_results
mistral_small_24b,philosophy,Type1_Open,4,0.2863140195608139,open_model_results
mistral_small_24b,philosophy,Type1_Open,5,0.27213840484619145,open_model_results
mistral_small_24b,philosophy,Type1_Open,6,0.28430481155713394,open_model_results
mistral_small_24b,philosophy,Type1_Open,7,0.2726802746454875,open_model_results
mistral_small_24b,philosophy,Type1_Open,8,0.2751280685265859,open_model_results
mistral_small_24b,philosophy,Type1_Open,9,0.29128872851530707,open_model_results
mistral_small_24b,philosophy,Type1_Open,10,0.2829228967428208,open_model_results
mistral_small_24b,philosophy,Type1_Open,11,0.28995592395464576,open_model_results
mistral_small_24b,philosophy,Type1_Open,12,0.2926099648078283,open_model_results
mistral_small_24b,philosophy,Type1_Open,13,0.2702297280232112,open_model_results
mistral_small_24b,philosophy,Type1_Open,14,0.26528115024169285,open_model_results
mistral_small_24b,philosophy,Type1_Open,15,0.2931087990601857,open_model_results
mistral_small_24b,philosophy,Type1_Open,16,0.26714497506618495,open_model_results
mistral_small_24b,philosophy,Type1_Open,17,0.2946637233098348,open_model_results
mistral_small_24b,philosophy,Type1_Open,18,0.26810699502627056,open_model_results
mistral_small_24b,philosophy,Type1_Open,19,0.2810933818419774,open_model_results
mistral_small_24b,philosophy,Type1_Open,20,0.29914727707703903,open_model_results
mistral_small_24b,philosophy,Type1_Open,21,0.2793491115172704,open_model_results
mistral_small_24b,philosophy,Type1_Open,22,0.2966800222794215,open_model_results
mistral_small_24b,philosophy,Type1_Open,23,0.2754767288764318,open_model_results
mistral_small_24b,philosophy,Type1_Open,24,0.28057230313618975,open_model_results
mistral_small_24b,philosophy,Type1_Open,25,0.28002902170022326,open_model_results
mistral_small_24b,philosophy,Type1_Open,26,0.2915343542893728,open_model_results
mistral_small_24b,philosophy,Type1_Open,27,0.278334128856659,open_model_results
mistral_small_24b,philosophy,Type1_Open,28,0.27341720312833784,open_model_results
mistral_small_24b,philosophy,Type1_Open,29,0.2832362393538157,open_model_results
mistral_small_24b,philosophy,Type1_Open,30,0.2852512955665588,open_model_results
mistral_small_24b,philosophy,Type1_Open,31,0.28638360003630325,open_model_results
mistral_small_24b,philosophy,Type1_Open,32,0.2908531814813614,open_model_results
mistral_small_24b,philosophy,Type1_Open,33,0.27138614455858867,open_model_results
mistral_small_24b,philosophy,Type1_Open,34,0.2781503568092982,open_model_results
mistral_small_24b,philosophy,Type1_Open,35,0.2666150500377019,open_model_results
mistral_small_24b,philosophy,Type1_Open,36,0.27559350132942195,open_model_results
mistral_small_24b,philosophy,Type1_Open,37,0.28818513154983516,open_model_results
mistral_small_24b,philosophy,Type1_Open,38,0.27499843637148536,open_model_results
mistral_small_24b,philosophy,Type1_Open,39,0.2900930772225062,open_model_results
mistral_small_24b,philosophy,Type1_Open,40,0.2770171682039897,open_model_results
mistral_small_24b,philosophy,Type1_Open,41,0.2817897985378901,open_model_results
mistral_small_24b,philosophy,Type1_Open,42,0.28294882575670877,open_model_results
mistral_small_24b,philosophy,Type1_Open,43,0.2634273986021678,open_model_results
mistral_small_24b,philosophy,Type1_Open,44,0.2864751011133194,open_model_results
mistral_small_24b,philosophy,Type1_Open,45,0.28636119663715365,open_model_results
mistral_small_24b,philosophy,Type1_Open,46,0.2897202948729197,open_model_results
mistral_small_24b,philosophy,Type1_Open,47,0.29816823999087017,open_model_results
mistral_small_24b,philosophy,Type1_Open,48,0.27821252743403113,open_model_results
mistral_small_24b,philosophy,Type1_Open,49,0.273109158873558,open_model_results
mistral_small_24b,philosophy,Type1_Open,50,0.2708760182062785,open_model_results
qwen3_235b,philosophy,Type1_Open,1,0.3163275251785914,open_model_results
qwen3_235b,philosophy,Type1_Open,2,0.31685604552427926,open_model_results
qwen3_235b,philosophy,Type1_Open,3,0.31849754303693767,open_model_results
qwen3_235b,philosophy,Type1_Open,4,0.33393067220846817,open_model_results
qwen3_235b,philosophy,Type1_Open,5,0.30944495449463527,open_model_results
qwen3_235b,philosophy,Type1_Open,6,0.3225700110197067,open_model_results
qwen3_235b,philosophy,Type1_Open,7,0.32306499431530633,open_model_results
qwen3_235b,philosophy,Type1_Open,8,0.3266100456317266,open_model_results
qwen3_235b,philosophy,Type1_Open,9,0.32588476141293843,open_model_results
qwen3_235b,philosophy,Type1_Open,10,0.31352304617563886,open_model_results
qwen3_235b,philosophy,Type1_Open,11,0.3299180368582407,open_model_results
qwen3_235b,philosophy,Type1_Open,12,0.3311612039804459,open_model_results
qwen3_235b,philosophy,Type1_Open,13,0.3401141295830409,open_model_results
qwen3_235b,philosophy,Type1_Open,14,0.3323242127895355,open_model_results
qwen3_235b,philosophy,Type1_Open,15,0.32276999950408936,open_model_results
qwen3_235b,philosophy,Type1_Open,16,0.32379701236883796,open_model_results
qwen3_235b,philosophy,Type1_Open,17,0.33514389892419183,open_model_results
qwen3_235b,philosophy,Type1_Open,18,0.31667345960934956,open_model_results
qwen3_235b,philosophy,Type1_Open,19,0.31881136645873387,open_model_results
qwen3_235b,philosophy,Type1_Open,20,0.3261679182449977,open_model_results
qwen3_235b,philosophy,Type1_Open,21,0.31540807137886684,open_model_results
qwen3_235b,philosophy,Type1_Open,22,0.3372174595793088,open_model_results
qwen3_235b,philosophy,Type1_Open,23,0.33273438215255735,open_model_results
qwen3_235b,philosophy,Type1_Open,24,0.3200517579913139,open_model_results
qwen3_235b,philosophy,Type1_Open,25,0.3087618052959442,open_model_results
qwen3_235b,philosophy,Type1_Open,26,0.3274187167485555,open_model_results
qwen3_235b,philosophy,Type1_Open,27,0.31240131258964543,open_model_results
qwen3_235b,philosophy,Type1_Open,28,0.31060908337434134,open_model_results
qwen3_235b,philosophy,Type1_Open,29,0.3188176060716311,open_model_results
qwen3_235b,philosophy,Type1_Open,30,0.3225795830289523,open_model_results
qwen3_235b,philosophy,Type1_Open,31,0.31816996484994886,open_model_results
qwen3_235b,philosophy,Type1_Open,32,0.3181872457265854,open_model_results
qwen3_235b,philosophy,Type1_Open,33,0.31664572457472484,open_model_results
qwen3_235b,philosophy,Type1_Open,34,0.331715515255928,open_model_results
qwen3_235b,philosophy,Type1_Open,35,0.3269889945785205,open_model_results
qwen3_235b,philosophy,Type1_Open,36,0.335202831029892,open_model_results
qwen3_235b,philosophy,Type1_Open,37,0.32023541132609046,open_model_results
qwen3_235b,philosophy,Type1_Open,38,0.3325070818265279,open_model_results
qwen3_235b,philosophy,Type1_Open,39,0.3086360196272532,open_model_results
qwen3_235b,philosophy,Type1_Open,40,0.3209745119015376,open_model_results
qwen3_235b,philosophy,Type1_Open,41,0.3160643036166827,open_model_results
qwen3_235b,philosophy,Type1_Open,42,0.3077010035514831,open_model_results
qwen3_235b,philosophy,Type1_Open,43,0.3247528110941251,open_model_results
qwen3_235b,philosophy,Type1_Open,44,0.3213747685154279,open_model_results
qwen3_235b,philosophy,Type1_Open,45,0.33703453938166306,open_model_results
qwen3_235b,philosophy,Type1_Open,46,0.32918059279521306,open_model_results
qwen3_235b,philosophy,Type1_Open,47,0.30825642049312596,open_model_results
qwen3_235b,philosophy,Type1_Open,48,0.3006854936480522,open_model_results
qwen3_235b,philosophy,Type1_Open,49,0.3274130423863729,open_model_results
qwen3_235b,philosophy,Type1_Open,50,0.3167103459437688,open_model_results
claude_haiku,philosophy,Type1_Open,1,0.3309509803851446,closed_model_philosophy_rerun
claude_haiku,philosophy,Type1_Open,2,0.32331577936808265,closed_model_philosophy_rerun
claude_haiku,philosophy,Type1_Open,3,0.3179335455099742,closed_model_philosophy_rerun
claude_haiku,philosophy,Type1_Open,4,0.3494020412365596,closed_model_philosophy_rerun
claude_haiku,philosophy,Type1_Open,5,0.348531699180603,closed_model_philosophy_rerun
claude_haiku,philosophy,Type1_Open,6,0.3129061867793401,closed_model_philosophy_rerun
claude_haiku,philosophy,Type1_Open,7,0.3129698385794958,closed_model_philosophy_rerun
claude_haiku,philosophy,Type1_Open,8,0.3297731876373291,closed_model_philosophy_rerun
claude_haiku,philosophy,Type1_Open,9,0.3334691842397054,closed_model_philosophy_rerun
claude_haiku,philosophy,Type1_Open,10,0.3533210923274358,closed_model_philosophy_rerun
claude_haiku,philosophy,Type1_Open,11,0.3353740791479747,closed_model_philosophy_rerun
claude_haiku,philosophy,Type1_Open,12,0.3302347391843796,closed_model_philosophy_rerun
claude_haiku,philosophy,Type1_Open,13,0.3258347064256668,closed_model_philosophy_rerun
claude_haiku,philosophy,Type1_Open,14,0.33331963717937474,closed_model_philosophy_rerun
claude_haiku,philosophy,Type1_Open,15,0.3474852273861567,closed_model_philosophy_rerun
claude_haiku,philosophy,Type1_Open,16,0.34360007345676424,closed_model_philosophy_rerun
claude_haiku,philosophy,Type1_Open,17,0.31964631577332814,closed_model_philosophy_rerun
claude_haiku,philosophy,Type1_Open,18,0.3137811943888664,closed_model_philosophy_rerun
claude_haiku,philosophy,Type1_Open,19,0.3186765382687251,closed_model_philosophy_rerun
claude_haiku,philosophy,Type1_Open,20,0.32503826916217804,closed_model_philosophy_rerun
claude_haiku,philosophy,Type1_Open,21,0.34059727986653643,closed_model_philosophy_rerun
claude_haiku,philosophy,Type1_Open,22,0.33970578114191696,closed_model_philosophy_rerun
claude_haiku,philosophy,Type1_Open,23,0.32719990511735275,closed_model_philosophy_rerun
claude_haiku,philosophy,Type1_Open,24,0.3425126065810521,closed_model_philosophy_rerun
claude_haiku,philosophy,Type1_Open,25,0.3303005337715149,closed_model_philosophy_rerun
claude_haiku,philosophy,Type1_Open,26,0.3213785966237386,closed_model_philosophy_rerun
claude_haiku,philosophy,Type1_Open,27,0.322409721215566,closed_model_philosophy_rerun
claude_haiku,philosophy,Type1_Open,28,0.33515412608782447,closed_model_philosophy_rerun
claude_haiku,philosophy,Type1_Open,29,0.32663967112700143,closed_model_philosophy_rerun
claude_haiku,philosophy,Type1_Open,30,0.3275958836078644,closed_model_philosophy_rerun
claude_haiku,philosophy,Type1_Open,31,0.34496315916379294,closed_model_philosophy_rerun
claude_haiku,philosophy,Type1_Open,32,0.3333902756373087,closed_model_philosophy_rerun
claude_haiku,philosophy,Type1_Open,33,0.31856896181901295,closed_model_philosophy_rerun
claude_haiku,philosophy,Type1_Open,34,0.3085406482219696,closed_model_philosophy_rerun
claude_haiku,philosophy,Type1_Open,35,0.3221870293219884,closed_model_philosophy_rerun
claude_haiku,philosophy,Type1_Open,36,0.3546497970819473,closed_model_philosophy_rerun
claude_haiku,philosophy,Type1_Open,37,0.33119521041711175,closed_model_philosophy_rerun
claude_haiku,philosophy,Type1_Open,38,0.33862245380878453,closed_model_philosophy_rerun
claude_haiku,philosophy,Type1_Open,39,0.33513400057951614,closed_model_philosophy_rerun
claude_haiku,philosophy,Type1_Open,40,0.32159580588340764,closed_model_philosophy_rerun
claude_haiku,philosophy,Type1_Open,41,0.3467538356781006,closed_model_philosophy_rerun
claude_haiku,philosophy,Type1_Open,42,0.3479456901550293,closed_model_philosophy_rerun
claude_haiku,philosophy,Type1_Open,43,0.3110790759325027,closed_model_philosophy_rerun
claude_haiku,philosophy,Type1_Open,44,0.3372300227483114,closed_model_philosophy_rerun
claude_haiku,philosophy,Type1_Open,45,0.31848064959049227,closed_model_philosophy_rerun
claude_haiku,philosophy,Type1_Open,46,0.3409040878216426,closed_model_philosophy_rerun
claude_haiku,philosophy,Type1_Open,47,0.3224127382040024,closed_model_philosophy_rerun
claude_haiku,philosophy,Type1_Open,48,0.3282689938942591,closed_model_philosophy_rerun
claude_haiku,philosophy,Type1_Open,49,0.324537471930186,closed_model_philosophy_rerun
claude_haiku,philosophy,Type1_Open,50,0.3227884113788605,closed_model_philosophy_rerun
gemini_flash,philosophy,Type1_Open,1,0.36228789836168285,closed_model_philosophy_rerun
gemini_flash,philosophy,Type1_Open,2,0.3451005935668945,closed_model_philosophy_rerun
gemini_flash,philosophy,Type1_Open,3,0.37187167480587957,closed_model_philosophy_rerun
gemini_flash,philosophy,Type1_Open,4,0.35235666334629057,closed_model_philosophy_rerun
gemini_flash,philosophy,Type1_Open,5,0.33695359826087956,closed_model_philosophy_rerun
gemini_flash,philosophy,Type1_Open,6,0.29057903389136,closed_model_philosophy_rerun
gemini_flash,philosophy,Type1_Open,7,0.32771565715471906,closed_model_philosophy_rerun
gemini_flash,philosophy,Type1_Open,8,0.3249901155630748,closed_model_philosophy_rerun
gemini_flash,philosophy,Type1_Open,9,0.3738519464929898,closed_model_philosophy_rerun
gemini_flash,philosophy,Type1_Open,10,0.32882653077443436,closed_model_philosophy_rerun
gemini_flash,philosophy,Type1_Open,11,0.368273385365804,closed_model_philosophy_rerun
gemini_flash,philosophy,Type1_Open,12,0.305490317940712,closed_model_philosophy_rerun
gemini_flash,philosophy,Type1_Open,13,0.32367940942446394,closed_model_philosophy_rerun
gemini_flash,philosophy,Type1_Open,14,0.3324772626161575,closed_model_philosophy_rerun
gemini_flash,philosophy,Type1_Open,15,0.34066784381866455,closed_model_philosophy_rerun
gemini_flash,philosophy,Type1_Open,16,0.30917217781146367,closed_model_philosophy_rerun
gemini_flash,philosophy,Type1_Open,17,0.3702851156393687,closed_model_philosophy_rerun
gemini_flash,philosophy,Type1_Open,18,0.32380832930405934,closed_model_philosophy_rerun
gemini_flash,philosophy,Type1_Open,19,0.35155196686585743,closed_model_philosophy_rerun
gemini_flash,philosophy,Type1_Open,20,0.33153793414433796,closed_model_philosophy_rerun
gemini_flash,philosophy,Type1_Open,21,0.345333406329155,closed_model_philosophy_rerun
gemini_flash,philosophy,Type1_Open,22,0.3282668953140576,closed_model_philosophy_rerun
gemini_flash,philosophy,Type1_Open,23,0.36134416560331983,closed_model_philosophy_rerun
gemini_flash,philosophy,Type1_Open,24,0.326541989048322,closed_model_philosophy_rerun
gemini_flash,philosophy,Type1_Open,25,0.33366040984789536,closed_model_philosophy_rerun
gemini_flash,philosophy,Type1_Open,26,0.3575324932734172,closed_model_philosophy_rerun
gemini_flash,philosophy,Type1_Open,27,0.34237039685249326,closed_model_philosophy_rerun
gemini_flash,philosophy,Type1_Open,28,0.33774629731973016,closed_model_philosophy_rerun
gemini_flash,philosophy,Type1_Open,29,0.33302935560544333,closed_model_philosophy_rerun
gemini_flash,philosophy,Type1_Open,30,0.3352533842126528,closed_model_philosophy_rerun
gemini_flash,philosophy,Type1_Open,31,0.33618466655413315,closed_model_philosophy_rerun
gemini_flash,philosophy,Type1_Open,32,0.32445168296496074,closed_model_philosophy_rerun
gemini_flash,philosophy,Type1_Open,33,0.3043375720580419,closed_model_philosophy_rerun
gemini_flash,philosophy,Type1_Open,34,0.29280369182427723,closed_model_philosophy_rerun
gemini_flash,philosophy,Type1_Open,35,0.3250718062122663,closed_model_philosophy_rerun
gemini_flash,philosophy,Type1_Open,36,0.32650924424330396,closed_model_philosophy_rerun
gemini_flash,philosophy,Type1_Open,37,0.39586598475774126,closed_model_philosophy_rerun
gemini_flash,philosophy,Type1_Open,38,0.31246197720368707,closed_model_philosophy_rerun
gemini_flash,philosophy,Type1_Open,39,0.34881846308708186,closed_model_philosophy_rerun
gemini_flash,philosophy,Type1_Open,40,0.3574286659558614,closed_model_philosophy_rerun
gemini_flash,philosophy,Type1_Open,41,0.3211341053247452,closed_model_philosophy_rerun
gemini_flash,philosophy,Type1_Open,42,0.3123607893784841,closed_model_philosophy_rerun
gemini_flash,philosophy,Type1_Open,43,0.3682096381982167,closed_model_philosophy_rerun
gemini_flash,philosophy,Type1_Open,44,0.3324470937252044,closed_model_philosophy_rerun
gemini_flash,philosophy,Type1_Open,45,0.335187965631485,closed_model_philosophy_rerun
gemini_flash,philosophy,Type1_Open,46,0.36691303352514903,closed_model_philosophy_rerun
gemini_flash,philosophy,Type1_Open,47,0.33710618913173673,closed_model_philosophy_rerun
gemini_flash,philosophy,Type1_Open,48,0.36354471544424694,closed_model_philosophy_rerun
gemini_flash,philosophy,Type1_Open,49,0.3055719325939814,closed_model_philosophy_rerun
gemini_flash,philosophy,Type1_Open,50,0.3599538803100586,closed_model_philosophy_rerun
gpt4o_mini,philosophy,Type1_Open,1,0.2684130738178889,closed_model_philosophy_rerun
gpt4o_mini,philosophy,Type1_Open,2,0.25964933137098944,closed_model_philosophy_rerun
gpt4o_mini,philosophy,Type1_Open,3,0.26145775715510056,closed_model_philosophy_rerun
gpt4o_mini,philosophy,Type1_Open,4,0.27078069845835373,closed_model_philosophy_rerun
gpt4o_mini,philosophy,Type1_Open,5,0.2593636314074198,closed_model_philosophy_rerun
gpt4o_mini,philosophy,Type1_Open,6,0.27768884301185603,closed_model_philosophy_rerun
gpt4o_mini,philosophy,Type1_Open,7,0.2767062495152156,closed_model_philosophy_rerun
gpt4o_mini,philosophy,Type1_Open,8,0.2847045361995697,closed_model_philosophy_rerun
gpt4o_mini,philosophy,Type1_Open,9,0.2635705759127934,closed_model_philosophy_rerun
gpt4o_mini,philosophy,Type1_Open,10,0.253983935713768,closed_model_philosophy_rerun
gpt4o_mini,philosophy,Type1_Open,11,0.27650163471698763,closed_model_philosophy_rerun
gpt4o_mini,philosophy,Type1_Open,12,0.2746111343304316,closed_model_philosophy_rerun
gpt4o_mini,philosophy,Type1_Open,13,0.28940270642439525,closed_model_philosophy_rerun
gpt4o_mini,philosophy,Type1_Open,14,0.27160664796829226,closed_model_philosophy_rerun
gpt4o_mini,philosophy,Type1_Open,15,0.26326017677783964,closed_model_philosophy_rerun
gpt4o_mini,philosophy,Type1_Open,16,0.2618952989578247,closed_model_philosophy_rerun
gpt4o_mini,philosophy,Type1_Open,17,0.2663976639509201,closed_model_philosophy_rerun
gpt4o_mini,philosophy,Type1_Open,18,0.2677711109320323,closed_model_philosophy_rerun
gpt4o_mini,philosophy,Type1_Open,19,0.26153614322344465,closed_model_philosophy_rerun
gpt4o_mini,philosophy,Type1_Open,20,0.2540157834688822,closed_model_philosophy_rerun
gpt4o_mini,philosophy,Type1_Open,21,0.27985509932041164,closed_model_philosophy_rerun
gpt4o_mini,philosophy,Type1_Open,22,0.2693082650502523,closed_model_philosophy_rerun
gpt4o_mini,philosophy,Type1_Open,23,0.27645999590555825,closed_model_philosophy_rerun
gpt4o_mini,philosophy,Type1_Open,24,0.2837754319111506,closed_model_philosophy_rerun
gpt4o_mini,philosophy,Type1_Open,25,0.2836754024028778,closed_model_philosophy_rerun
gpt4o_mini,philosophy,Type1_Open,26,0.26597200135389965,closed_model_philosophy_rerun
gpt4o_mini,philosophy,Type1_Open,27,0.2568793028593064,closed_model_philosophy_rerun
gpt4o_mini,philosophy,Type1_Open,28,0.2755969454844792,closed_model_philosophy_rerun
gpt4o_mini,philosophy,Type1_Open,29,0.25577222506205244,closed_model_philosophy_rerun
gpt4o_mini,philosophy,Type1_Open,30,0.2609775533278783,closed_model_philosophy_rerun
gpt4o_mini,philosophy,Type1_Open,31,0.26651966373125713,closed_model_philosophy_rerun
gpt4o_mini,philosophy,Type1_Open,32,0.27492437362670896,closed_model_philosophy_rerun
gpt4o_mini,philosophy,Type1_Open,33,0.25707936882972715,closed_model_philosophy_rerun
gpt4o_mini,philosophy,Type1_Open,34,0.27363905509312947,closed_model_philosophy_rerun
gpt4o_mini,philosophy,Type1_Open,35,0.2626835664113363,closed_model_philosophy_rerun
gpt4o_mini,philosophy,Type1_Open,36,0.27063100039958954,closed_model_philosophy_rerun
gpt4o_mini,philosophy,Type1_Open,37,0.28260774215062456,closed_model_philosophy_rerun
gpt4o_mini,philosophy,Type1_Open,38,0.26343710422515865,closed_model_philosophy_rerun
gpt4o_mini,philosophy,Type1_Open,39,0.2619253396987915,closed_model_philosophy_rerun
gpt4o_mini,philosophy,Type1_Open,40,0.25957479178905485,closed_model_philosophy_rerun
gpt4o_mini,philosophy,Type1_Open,41,0.2665937274694443,closed_model_philosophy_rerun
gpt4o_mini,philosophy,Type1_Open,42,0.2704513847827912,closed_model_philosophy_rerun
gpt4o_mini,philosophy,Type1_Open,43,0.271004655957222,closed_model_philosophy_rerun
gpt4o_mini,philosophy,Type1_Open,44,0.275953671336174,closed_model_philosophy_rerun
gpt4o_mini,philosophy,Type1_Open,45,0.2599528183539709,closed_model_philosophy_rerun
gpt4o_mini,philosophy,Type1_Open,46,0.2623708337545395,closed_model_philosophy_rerun
gpt4o_mini,philosophy,Type1_Open,47,0.26710269252459207,closed_model_philosophy_rerun
gpt4o_mini,philosophy,Type1_Open,48,0.27440252105395,closed_model_philosophy_rerun
gpt4o_mini,philosophy,Type1_Open,49,0.26783373951911926,closed_model_philosophy_rerun
gpt4o_mini,philosophy,Type1_Open,50,0.2749434858560562,closed_model_philosophy_rerun
gpt4o,philosophy,Type1_Open,1,0.274657345811526,closed_model_philosophy_rerun
gpt4o,philosophy,Type1_Open,2,0.3060414453347524,closed_model_philosophy_rerun
gpt4o,philosophy,Type1_Open,3,0.2827327241500218,closed_model_philosophy_rerun
gpt4o,philosophy,Type1_Open,4,0.2896408329407374,closed_model_philosophy_rerun
gpt4o,philosophy,Type1_Open,5,0.27805455327034,closed_model_philosophy_rerun
gpt4o,philosophy,Type1_Open,6,0.28448890050252273,closed_model_philosophy_rerun
gpt4o,philosophy,Type1_Open,7,0.26835638880729673,closed_model_philosophy_rerun
gpt4o,philosophy,Type1_Open,8,0.27641325642665227,closed_model_philosophy_rerun
gpt4o,philosophy,Type1_Open,9,0.3043425967295964,closed_model_philosophy_rerun
gpt4o,philosophy,Type1_Open,10,0.28910684237877526,closed_model_philosophy_rerun
gpt4o,philosophy,Type1_Open,11,0.2935279180606206,closed_model_philosophy_rerun
gpt4o,philosophy,Type1_Open,12,0.2758549312750499,closed_model_philosophy_rerun
gpt4o,philosophy,Type1_Open,13,0.27288562878966327,closed_model_philosophy_rerun
gpt4o,philosophy,Type1_Open,14,0.270721647143364,closed_model_philosophy_rerun
gpt4o,philosophy,Type1_Open,15,0.2866564551989238,closed_model_philosophy_rerun
gpt4o,philosophy,Type1_Open,16,0.27995918244123463,closed_model_philosophy_rerun
gpt4o,philosophy,Type1_Open,17,0.2785979370276134,closed_model_philosophy_rerun
gpt4o,philosophy,Type1_Open,18,0.2838001688321431,closed_model_philosophy_rerun
gpt4o,philosophy,Type1_Open,19,0.295578717192014,closed_model_philosophy_rerun
gpt4o,philosophy,Type1_Open,20,0.2898679425319036,closed_model_philosophy_rerun
gpt4o,philosophy,Type1_Open,21,0.27562748591105146,closed_model_philosophy_rerun
gpt4o,philosophy,Type1_Open,22,0.27832771191994354,closed_model_philosophy_rerun
gpt4o,philosophy,Type1_Open,23,0.2861119121313095,closed_model_philosophy_rerun
gpt4o,philosophy,Type1_Open,24,0.28172189394632974,closed_model_philosophy_rerun
gpt4o,philosophy,Type1_Open,25,0.26126701806982355,closed_model_philosophy_rerun
gpt4o,philosophy,Type1_Open,26,0.29276223977406823,closed_model_philosophy_rerun
gpt4o,philosophy,Type1_Open,27,0.2991376166542371,closed_model_philosophy_rerun
gpt4o,philosophy,Type1_Open,28,0.28082008063793185,closed_model_philosophy_rerun
gpt4o,philosophy,Type1_Open,29,0.2898276448249817,closed_model_philosophy_rerun
gpt4o,philosophy,Type1_Open,30,0.3029503869513671,closed_model_philosophy_rerun
gpt4o,philosophy,Type1_Open,31,0.27504199743270874,closed_model_philosophy_rerun
gpt4o,philosophy,Type1_Open,32,0.2793825149536133,closed_model_philosophy_rerun
gpt4o,philosophy,Type1_Open,33,0.29836022804180784,closed_model_philosophy_rerun
gpt4o,philosophy,Type1_Open,34,0.27507608880599344,closed_model_philosophy_rerun
gpt4o,philosophy,Type1_Open,35,0.2883479590217273,closed_model_philosophy_rerun
gpt4o,philosophy,Type1_Open,36,0.27531640132268265,closed_model_philosophy_rerun
gpt4o,philosophy,Type1_Open,37,0.272653750081857,closed_model_philosophy_rerun
gpt4o,philosophy,Type1_Open,38,0.26349106729030614,closed_model_philosophy_rerun
gpt4o,philosophy,Type1_Open,39,0.3022256987790267,closed_model_philosophy_rerun
gpt4o,philosophy,Type1_Open,40,0.28512440423170726,closed_model_philosophy_rerun
gpt4o,philosophy,Type1_Open,41,0.28212279379367833,closed_model_philosophy_rerun
gpt4o,philosophy,Type1_Open,42,0.2888123373190562,closed_model_philosophy_rerun
gpt4o,philosophy,Type1_Open,43,0.27362218697865803,closed_model_philosophy_rerun
gpt4o,philosophy,Type1_Open,44,0.2647204478581746,closed_model_philosophy_rerun
gpt4o,philosophy,Type1_Open,45,0.28579649229844406,closed_model_philosophy_rerun
gpt4o,philosophy,Type1_Open,46,0.2728109508752823,closed_model_philosophy_rerun
gpt4o,philosophy,Type1_Open,47,0.27560827235380814,closed_model_philosophy_rerun
gpt4o,philosophy,Type1_Open,48,0.28259710470835364,closed_model_philosophy_rerun
gpt4o,philosophy,Type1_Open,49,0.28441517651081083,closed_model_philosophy_rerun
gpt4o,philosophy,Type1_Open,50,0.2972967267036438,closed_model_philosophy_rerun
gpt_5_2,philosophy,Type1_Open,1,0.3115290800730388,philosophy_results
gpt_5_2,philosophy,Type1_Open,2,0.3446549760798614,philosophy_results
gpt_5_2,philosophy,Type1_Open,3,0.2999133825302125,philosophy_results
gpt_5_2,philosophy,Type1_Open,4,0.3496970439950624,philosophy_results
gpt_5_2,philosophy,Type1_Open,5,0.3195792059103648,philosophy_results
gpt_5_2,philosophy,Type1_Open,6,0.3023417592048646,philosophy_results
gpt_5_2,philosophy,Type1_Open,7,0.3100160588820776,philosophy_results
gpt_5_2,philosophy,Type1_Open,8,0.322823433081309,philosophy_results
gpt_5_2,philosophy,Type1_Open,9,0.31241117914517724,philosophy_results
gpt_5_2,philosophy,Type1_Open,10,0.311632521947225,philosophy_results
gpt_5_2,philosophy,Type1_Open,11,0.31890075777967786,philosophy_results
gpt_5_2,philosophy,Type1_Open,12,0.2838133255640666,philosophy_results
gpt_5_2,philosophy,Type1_Open,13,0.31542173624038705,philosophy_results
gpt_5_2,philosophy,Type1_Open,14,0.30851667622725176,philosophy_results
gpt_5_2,philosophy,Type1_Open,15,0.3064905077219008,philosophy_results
gpt_5_2,philosophy,Type1_Open,16,0.32598204116026575,philosophy_results
gpt_5_2,philosophy,Type1_Open,17,0.3013988852500916,philosophy_results
gpt_5_2,philosophy,Type1_Open,18,0.3103711287180584,philosophy_results
gpt_5_2,philosophy,Type1_Open,19,0.31506257355213174,philosophy_results
gpt_5_2,philosophy,Type1_Open,20,0.3125858515501022,philosophy_results
gpt_5_2,philosophy,Type1_Open,21,0.3300605417539676,philosophy_results
gpt_5_2,philosophy,Type1_Open,22,0.31060538788636527,philosophy_results
gpt_5_2,philosophy,Type1_Open,23,0.30706950823465995,philosophy_results
gpt_5_2,philosophy,Type1_Open,24,0.2842342098553975,philosophy_results
gpt_5_2,philosophy,Type1_Open,25,0.276958190401395,philosophy_results
gpt_5_2,philosophy,Type1_Open,26,0.2856269985437394,philosophy_results
gpt_5_2,philosophy,Type1_Open,27,0.3071297764778136,philosophy_results
gpt_5_2,philosophy,Type1_Open,28,0.2994607816139857,philosophy_results
gpt_5_2,philosophy,Type1_Open,29,0.28976406256357834,philosophy_results
gpt_5_2,philosophy,Type1_Open,30,0.2993618865807852,philosophy_results
gpt_5_2,philosophy,Type1_Open,31,0.30250140031178796,philosophy_results
gpt_5_2,philosophy,Type1_Open,32,0.2996267348527909,philosophy_results
gpt_5_2,philosophy,Type1_Open,33,0.30593707164128614,philosophy_results
gpt_5_2,philosophy,Type1_Open,34,0.31024840275446575,philosophy_results
gpt_5_2,philosophy,Type1_Open,35,0.29685204128424314,philosophy_results
gpt_5_2,philosophy,Type1_Open,36,0.3103855401277543,philosophy_results
gpt_5_2,philosophy,Type1_Open,37,0.32502703964710233,philosophy_results
gpt_5_2,philosophy,Type1_Open,38,0.2918881704409918,philosophy_results
gpt_5_2,philosophy,Type1_Open,39,0.34026568339516705,philosophy_results
gpt_5_2,philosophy,Type1_Open,40,0.2946607748667399,philosophy_results
gpt_5_2,philosophy,Type1_Open,41,0.3137356092532475,philosophy_results
gpt_5_2,philosophy,Type1_Open,42,0.29537765185038256,philosophy_results
gpt_5_2,philosophy,Type1_Open,43,0.32140671809514365,philosophy_results
gpt_5_2,philosophy,Type1_Open,44,0.30469786822795875,philosophy_results
gpt_5_2,philosophy,Type1_Open,45,0.32048113743464157,philosophy_results
gpt_5_2,philosophy,Type1_Open,46,0.2948591699202856,philosophy_results
gpt_5_2,philosophy,Type1_Open,47,0.278714652856191,philosophy_results
gpt_5_2,philosophy,Type1_Open,48,0.32659005026022603,philosophy_results
gpt_5_2,philosophy,Type1_Open,49,0.3027104725440344,philosophy_results
gpt_5_2,philosophy,Type1_Open,50,0.305764941374461,philosophy_results
gpt_5_2,philosophy,Type1_Open,51,0.29904550413290665,philosophy_results
gpt_5_2,philosophy,Type1_Open,52,0.32452080349127455,philosophy_results
gpt_5_2,philosophy,Type1_Open,53,0.326100990176201,philosophy_results
gpt_5_2,philosophy,Type1_Open,54,0.3273950477441152,philosophy_results
gpt_5_2,philosophy,Type1_Open,55,0.2836254984140395,philosophy_results
gpt_5_2,philosophy,Type1_Open,56,0.2962737907965979,philosophy_results
gpt_5_2,philosophy,Type1_Open,57,0.30703216393788657,philosophy_results
gpt_5_2,philosophy,Type1_Open,58,0.3127777765194576,philosophy_results
gpt_5_2,philosophy,Type1_Open,59,0.27429239253203086,philosophy_results
gpt_5_2,philosophy,Type1_Open,60,0.30848850508530945,philosophy_results
gpt_5_2,philosophy,Type1_Open,61,0.3304707252110045,philosophy_results
gpt_5_2,philosophy,Type1_Open,62,0.30682748754819233,philosophy_results
gpt_5_2,philosophy,Type1_Open,63,0.30181806782881426,philosophy_results
gpt_5_2,philosophy,Type1_Open,64,0.32592593512187396,philosophy_results
gpt_5_2,philosophy,Type1_Open,65,0.3195842037598293,philosophy_results
gpt_5_2,philosophy,Type1_Open,66,0.30863235791524257,philosophy_results
gpt_5_2,philosophy,Type1_Open,67,0.30624967316786444,philosophy_results
gpt_5_2,philosophy,Type1_Open,68,0.32214121421178177,philosophy_results
gpt_5_2,philosophy,Type1_Open,69,0.32116507689158136,philosophy_results
gpt_5_2,philosophy,Type1_Open,70,0.31987759470939636,philosophy_results
gpt_5_2,philosophy,Type1_Open,71,0.319330417116483,philosophy_results
gpt_5_2,philosophy,Type1_Open,72,0.31178403894106543,philosophy_results
gpt_5_2,philosophy,Type1_Open,73,0.30306022465229043,philosophy_results
gpt_5_2,philosophy,Type1_Open,74,0.3183213710784911,philosophy_results
gpt_5_2,philosophy,Type1_Open,75,0.3259591380755106,philosophy_results
gpt_5_2,philosophy,Type1_Open,76,0.321960656841596,philosophy_results
gpt_5_2,philosophy,Type1_Open,77,0.30738418896993014,philosophy_results
gpt_5_2,philosophy,Type1_Open,78,0.32095527152220416,philosophy_results
gpt_5_2,philosophy,Type1_Open,79,0.310407242178917,philosophy_results
gpt_5_2,philosophy,Type1_Open,80,0.31680834492047616,philosophy_results
gpt_5_2,philosophy,Type1_Open,81,0.3164715955654781,philosophy_results
gpt_5_2,philosophy,Type1_Open,82,0.30079191525777194,philosophy_results
gpt_5_2,philosophy,Type1_Open,83,0.30496901571750645,philosophy_results
gpt_5_2,philosophy,Type1_Open,84,0.29464318354924524,philosophy_results
gpt_5_2,philosophy,Type1_Open,85,0.31676167547702805,philosophy_results
gpt_5_2,philosophy,Type1_Open,86,0.3307024429241816,philosophy_results
gpt_5_2,philosophy,Type1_Open,87,0.31224190294742593,philosophy_results
gpt_5_2,philosophy,Type1_Open,88,0.3367516246934733,philosophy_results
gpt_5_2,philosophy,Type1_Open,89,0.3207687745491664,philosophy_results
gpt_5_2,philosophy,Type1_Open,90,0.31860898534456894,philosophy_results
gpt_5_2,philosophy,Type1_Open,91,0.29536602795124056,philosophy_results
gpt_5_2,philosophy,Type1_Open,92,0.32813481887181595,philosophy_results
gpt_5_2,philosophy,Type1_Open,93,0.31250771383444464,philosophy_results
gpt_5_2,philosophy,Type1_Open,94,0.30978544255097706,philosophy_results
gpt_5_2,philosophy,Type1_Open,95,0.3010529180367788,philosophy_results
gpt_5_2,philosophy,Type1_Open,96,0.31992964545885727,philosophy_results
gpt_5_2,philosophy,Type1_Open,97,0.2967533936103185,philosophy_results
gpt_5_2,philosophy,Type1_Open,98,0.3100535025199255,philosophy_results
gpt_5_2,philosophy,Type1_Open,99,0.3003528495629628,philosophy_results
gpt_5_2,philosophy,Type1_Open,100,0.290069662531217,philosophy_results
